store_id,month,treated_store,post,did,sales,foot_traffic,ad_spend,region,store_size
ST001,1,1,0,0,144.41,890.4,57.43,North,small
ST001,2,1,0,0,147.98,889.8,66.85,North,small
ST001,3,1,0,0,146.85,952.9,60.71,North,small
ST001,4,1,0,0,156.35,954.0,62.04,North,small
ST001,5,1,0,0,149.4,951.4,73.73,North,small
ST001,6,1,0,0,148.84,964.3,68.33,North,small
ST001,7,1,0,0,146.9,992.9,70.76,North,small
ST001,8,1,0,0,150.29,995.8,75.49,North,small
ST001,9,1,0,0,150.58,1069.5,84.21,North,small
ST001,10,1,0,0,151.6,1049.7,76.38,North,small
ST001,11,1,0,0,160.69,1128.8,87.88,North,small
ST001,12,1,0,0,158.84,1073.8,91.38,North,small
ST001,13,1,1,1,171.84,1099.2,95.65,North,small
ST001,14,1,1,1,175.62,1142.1,106.98,North,small
ST001,15,1,1,1,180.12,1167.0,103.92,North,small
ST001,16,1,1,1,180.74,1147.6,117.93,North,small
ST001,17,1,1,1,177.6,1164.1,109.76,North,small
ST001,18,1,1,1,181.88,1221.4,114.98,North,small
ST001,19,1,1,1,180.69,1235.8,119.64,North,small
ST001,20,1,1,1,178.86,1204.1,126.14,North,small
ST001,21,1,1,1,179.4,1293.5,119.59,North,small
ST001,22,1,1,1,183.4,1281.4,127.46,North,small
ST001,23,1,1,1,183.98,1278.0,132.07,North,small
ST001,24,1,1,1,186.93,1270.9,144.89,North,small
ST002,1,1,0,0,142.6,879.5,62.15,South,medium
ST002,2,1,0,0,144.8,900.3,66.34,South,medium
ST002,3,1,0,0,149.58,905.1,66.59,South,medium
ST002,4,1,0,0,151.48,969.7,65.29,South,medium
ST002,5,1,0,0,149.36,966.3,74.41,South,medium
ST002,6,1,0,0,146.42,972.9,66.63,South,medium
ST002,7,1,0,0,149.6,1039.9,74.67,South,medium
ST002,8,1,0,0,148.08,1016.4,87.13,South,medium
ST002,9,1,0,0,150.81,1052.7,79.76,South,medium
ST002,10,1,0,0,148.33,1002.2,87.04,South,medium
ST002,11,1,0,0,153.19,1040.8,88.71,South,medium
ST002,12,1,0,0,160.35,1131.3,99.07,South,medium
ST002,13,1,1,1,173.87,1133.6,103.52,South,medium
ST002,14,1,1,1,176.92,1096.7,97.1,South,medium
ST002,15,1,1,1,177.45,1120.8,109.17,South,medium
ST002,16,1,1,1,174.9,1136.6,104.2,South,medium
ST002,17,1,1,1,174.6,1120.9,109.61,South,medium
ST002,18,1,1,1,175.88,1203.3,112.8,South,medium
ST002,19,1,1,1,171.55,1181.8,123.54,South,medium
ST002,20,1,1,1,177.82,1219.9,122.81,South,medium
ST002,21,1,1,1,178.17,1223.8,122.06,South,medium
ST002,22,1,1,1,183.73,1277.5,120.56,South,medium
ST002,23,1,1,1,178.23,1210.3,128.82,South,medium
ST002,24,1,1,1,187.27,1301.4,130.99,South,medium
ST003,1,1,0,0,148.29,910.9,54.76,East,medium
ST003,2,1,0,0,155.61,931.5,60.07,East,medium
ST003,3,1,0,0,154.03,927.2,61.59,East,medium
ST003,4,1,0,0,156.48,980.8,68.03,East,medium
ST003,5,1,0,0,157.73,976.4,69.9,East,medium
ST003,6,1,0,0,155.01,976.5,71.58,East,medium
ST003,7,1,0,0,158.49,1028.1,74.82,East,medium
ST003,8,1,0,0,154.79,1055.3,75.0,East,medium
ST003,9,1,0,0,151.69,1040.0,83.11,East,medium
ST003,10,1,0,0,156.33,1098.1,82.64,East,medium
ST003,11,1,0,0,161.92,1099.6,88.51,East,medium
ST003,12,1,0,0,169.78,1152.1,90.6,East,medium
ST003,13,1,1,1,179.34,1149.8,99.3,East,medium
ST003,14,1,1,1,180.84,1104.8,96.52,East,medium
ST003,15,1,1,1,192.31,1180.8,114.2,East,medium
ST003,16,1,1,1,187.45,1226.7,115.28,East,medium
ST003,17,1,1,1,186.69,1207.8,112.5,East,medium
ST003,18,1,1,1,188.69,1261.2,116.18,East,medium
ST003,19,1,1,1,186.86,1265.2,118.43,East,medium
ST003,20,1,1,1,188.55,1235.0,132.24,East,medium
ST003,21,1,1,1,190.18,1342.9,122.43,East,medium
ST003,22,1,1,1,190.62,1325.9,122.92,East,medium
ST003,23,1,1,1,191.71,1319.6,124.28,East,medium
ST003,24,1,1,1,196.02,1370.6,128.92,East,medium
ST004,1,1,0,0,136.07,859.5,56.11,West,medium
ST004,2,1,0,0,137.95,878.3,57.68,West,medium
ST004,3,1,0,0,134.64,887.1,51.27,West,medium
ST004,4,1,0,0,136.94,903.5,67.46,West,medium
ST004,5,1,0,0,137.16,955.7,69.96,West,medium
ST004,6,1,0,0,141.03,949.0,73.56,West,medium
ST004,7,1,0,0,138.7,928.3,70.09,West,medium
ST004,8,1,0,0,135.06,925.8,74.12,West,medium
ST004,9,1,0,0,141.14,971.5,88.72,West,medium
ST004,10,1,0,0,142.61,1034.6,86.17,West,medium
ST004,11,1,0,0,147.04,1045.1,89.75,West,medium
ST004,12,1,0,0,146.08,1035.0,84.74,West,medium
ST004,13,1,1,1,157.43,1059.3,91.69,West,medium
ST004,14,1,1,1,165.94,1099.8,107.65,West,medium
ST004,15,1,1,1,168.1,1112.9,93.89,West,medium
ST004,16,1,1,1,167.5,1138.7,106.73,West,medium
ST004,17,1,1,1,170.38,1199.6,114.45,West,medium
ST004,18,1,1,1,169.51,1170.2,119.21,West,medium
ST004,19,1,1,1,163.02,1159.7,127.1,West,medium
ST004,20,1,1,1,164.31,1183.2,123.18,West,medium
ST004,21,1,1,1,171.36,1265.6,124.53,West,medium
ST004,22,1,1,1,172.4,1210.6,139.41,West,medium
ST004,23,1,1,1,177.76,1302.3,132.85,West,medium
ST004,24,1,1,1,183.9,1309.0,130.7,West,medium
ST005,1,1,0,0,140.46,901.2,61.55,North,medium
ST005,2,1,0,0,141.9,901.4,64.02,North,medium
ST005,3,1,0,0,146.98,944.9,63.36,North,medium
ST005,4,1,0,0,148.42,1001.6,55.32,North,medium
ST005,5,1,0,0,140.93,906.9,66.84,North,medium
ST005,6,1,0,0,145.88,1022.9,67.77,North,medium
ST005,7,1,0,0,141.76,995.0,73.69,North,medium
ST005,8,1,0,0,142.61,967.4,78.93,North,medium
ST005,9,1,0,0,146.75,1052.6,80.74,North,medium
ST005,10,1,0,0,146.68,1051.7,88.24,North,medium
ST005,11,1,0,0,151.14,1029.4,90.88,North,medium
ST005,12,1,0,0,153.2,1108.8,81.03,North,medium
ST005,13,1,1,1,169.03,1118.1,105.56,North,medium
ST005,14,1,1,1,170.17,1104.3,108.94,North,medium
ST005,15,1,1,1,174.93,1139.1,106.47,North,medium
ST005,16,1,1,1,174.74,1190.0,117.59,North,medium
ST005,17,1,1,1,173.93,1167.2,105.68,North,medium
ST005,18,1,1,1,174.44,1178.0,110.03,North,medium
ST005,19,1,1,1,175.62,1186.7,128.44,North,medium
ST005,20,1,1,1,176.17,1252.2,133.2,North,medium
ST005,21,1,1,1,178.18,1291.8,132.42,North,medium
ST005,22,1,1,1,177.75,1267.4,132.43,North,medium
ST005,23,1,1,1,181.8,1256.0,133.49,North,medium
ST005,24,1,1,1,180.84,1245.2,136.17,North,medium
ST006,1,1,0,0,143.2,872.6,54.94,South,medium
ST006,2,1,0,0,147.67,899.3,63.98,South,medium
ST006,3,1,0,0,150.39,939.8,65.53,South,medium
ST006,4,1,0,0,151.77,939.8,71.98,South,medium
ST006,5,1,0,0,154.05,972.2,72.2,South,medium
ST006,6,1,0,0,152.49,1034.2,78.34,South,medium
ST006,7,1,0,0,146.48,1004.5,68.87,South,medium
ST006,8,1,0,0,144.69,995.7,81.6,South,medium
ST006,9,1,0,0,154.31,1080.6,88.0,South,medium
ST006,10,1,0,0,149.16,1074.0,78.1,South,medium
ST006,11,1,0,0,155.52,1085.6,90.07,South,medium
ST006,12,1,0,0,158.47,1101.0,89.15,South,medium
ST006,13,1,1,1,171.23,1113.8,97.82,South,medium
ST006,14,1,1,1,179.13,1161.3,93.39,South,medium
ST006,15,1,1,1,178.0,1136.4,113.25,South,medium
ST006,16,1,1,1,180.09,1191.7,112.49,South,medium
ST006,17,1,1,1,178.02,1160.6,108.31,South,medium
ST006,18,1,1,1,175.96,1220.9,111.39,South,medium
ST006,19,1,1,1,174.94,1219.1,128.92,South,medium
ST006,20,1,1,1,175.07,1204.2,131.47,South,medium
ST006,21,1,1,1,177.93,1237.0,125.94,South,medium
ST006,22,1,1,1,183.43,1336.1,132.23,South,medium
ST006,23,1,1,1,186.17,1262.7,132.29,South,medium
ST006,24,1,1,1,189.06,1276.0,132.51,South,medium
ST007,1,1,0,0,149.95,935.9,50.53,East,medium
ST007,2,1,0,0,157.3,984.5,59.09,East,medium
ST007,3,1,0,0,156.04,967.3,59.61,East,medium
ST007,4,1,0,0,155.71,998.4,70.5,East,medium
ST007,5,1,0,0,156.27,942.0,66.78,East,medium
ST007,6,1,0,0,152.36,995.9,71.76,East,medium
ST007,7,1,0,0,154.97,1071.0,75.1,East,medium
ST007,8,1,0,0,154.08,966.2,69.58,East,medium
ST007,9,1,0,0,155.26,1056.4,84.83,East,medium
ST007,10,1,0,0,156.8,1118.7,87.77,East,medium
ST007,11,1,0,0,163.15,1109.0,87.2,East,medium
ST007,12,1,0,0,161.74,1140.3,94.94,East,medium
ST007,13,1,1,1,178.87,1154.5,113.21,East,medium
ST007,14,1,1,1,184.99,1209.4,110.45,East,medium
ST007,15,1,1,1,186.08,1165.8,102.97,East,medium
ST007,16,1,1,1,178.26,1160.2,115.97,East,medium
ST007,17,1,1,1,183.48,1182.1,123.19,East,medium
ST007,18,1,1,1,179.09,1212.4,105.81,East,medium
ST007,19,1,1,1,183.66,1187.5,123.13,East,medium
ST007,20,1,1,1,179.92,1191.1,118.05,East,medium
ST007,21,1,1,1,184.45,1288.4,128.49,East,medium
ST007,22,1,1,1,183.22,1232.9,122.21,East,medium
ST007,23,1,1,1,192.05,1368.2,134.38,East,medium
ST007,24,1,1,1,192.92,1370.0,133.15,East,medium
ST008,1,1,0,0,162.2,926.7,53.63,West,large
ST008,2,1,0,0,169.6,978.5,61.64,West,large
ST008,3,1,0,0,170.44,1007.9,65.28,West,large
ST008,4,1,0,0,177.28,1083.6,61.38,West,large
ST008,5,1,0,0,173.56,1015.5,73.53,West,large
ST008,6,1,0,0,168.21,1006.4,77.53,West,large
ST008,7,1,0,0,172.52,1084.4,71.43,West,large
ST008,8,1,0,0,168.84,1102.4,81.87,West,large
ST008,9,1,0,0,168.41,1036.6,85.74,West,large
ST008,10,1,0,0,172.57,1105.1,85.3,West,large
ST008,11,1,0,0,178.11,1157.3,89.14,West,large
ST008,12,1,0,0,180.73,1175.4,95.62,West,large
ST008,13,1,1,1,191.99,1196.6,94.98,West,large
ST008,14,1,1,1,196.57,1228.9,100.74,West,large
ST008,15,1,1,1,199.18,1180.9,111.23,West,large
ST008,16,1,1,1,203.31,1232.6,114.92,West,large
ST008,17,1,1,1,202.82,1295.6,110.81,West,large
ST008,18,1,1,1,204.75,1319.0,120.97,West,large
ST008,19,1,1,1,201.77,1264.0,123.5,West,large
ST008,20,1,1,1,199.91,1273.5,125.67,West,large
ST008,21,1,1,1,197.7,1312.1,120.87,West,large
ST008,22,1,1,1,208.95,1387.2,137.33,West,large
ST008,23,1,1,1,213.03,1411.2,140.18,West,large
ST008,24,1,1,1,207.32,1344.3,128.06,West,large
ST009,1,1,0,0,137.04,943.2,53.99,North,small
ST009,2,1,0,0,134.33,832.9,59.21,North,small
ST009,3,1,0,0,140.35,911.7,66.73,North,small
ST009,4,1,0,0,142.37,933.0,67.43,North,small
ST009,5,1,0,0,139.43,934.5,65.59,North,small
ST009,6,1,0,0,140.7,969.3,75.22,North,small
ST009,7,1,0,0,141.58,975.9,91.68,North,small
ST009,8,1,0,0,134.91,977.4,73.56,North,small
ST009,9,1,0,0,138.97,995.2,77.27,North,small
ST009,10,1,0,0,147.92,1095.6,89.38,North,small
ST009,11,1,0,0,142.61,1003.8,86.82,North,small
ST009,12,1,0,0,152.36,1054.9,95.2,North,small
ST009,13,1,1,1,161.3,1115.9,98.53,North,small
ST009,14,1,1,1,165.75,1077.1,104.51,North,small
ST009,15,1,1,1,170.07,1123.4,115.7,North,small
ST009,16,1,1,1,174.81,1141.5,115.02,North,small
ST009,17,1,1,1,171.1,1172.8,111.18,North,small
ST009,18,1,1,1,178.59,1236.4,115.42,North,small
ST009,19,1,1,1,169.89,1168.8,119.36,North,small
ST009,20,1,1,1,168.0,1176.5,115.49,North,small
ST009,21,1,1,1,171.72,1295.2,127.78,North,small
ST009,22,1,1,1,173.35,1267.8,134.89,North,small
ST009,23,1,1,1,176.62,1286.8,132.42,North,small
ST009,24,1,1,1,177.9,1266.7,137.74,North,small
ST010,1,1,0,0,132.58,804.1,60.07,South,small
ST010,2,1,0,0,142.92,891.5,66.41,South,small
ST010,3,1,0,0,145.7,960.7,53.48,South,small
ST010,4,1,0,0,146.69,976.8,68.07,South,small
ST010,5,1,0,0,142.17,894.3,66.93,South,small
ST010,6,1,0,0,142.15,927.4,74.29,South,small
ST010,7,1,0,0,139.7,991.2,70.7,South,small
ST010,8,1,0,0,140.58,962.1,75.16,South,small
ST010,9,1,0,0,142.6,1002.9,80.18,South,small
ST010,10,1,0,0,147.38,1022.7,90.11,South,small
ST010,11,1,0,0,149.72,1054.0,80.6,South,small
ST010,12,1,0,0,150.27,1067.8,93.5,South,small
ST010,13,1,1,1,169.6,1132.1,104.58,South,small
ST010,14,1,1,1,169.86,1118.7,104.33,South,small
ST010,15,1,1,1,174.55,1145.4,109.91,South,small
ST010,16,1,1,1,171.36,1113.4,113.55,South,small
ST010,17,1,1,1,177.68,1178.8,109.0,South,small
ST010,18,1,1,1,172.86,1172.5,119.88,South,small
ST010,19,1,1,1,174.52,1186.3,125.92,South,small
ST010,20,1,1,1,169.72,1206.2,119.78,South,small
ST010,21,1,1,1,172.54,1238.9,126.62,South,small
ST010,22,1,1,1,171.75,1235.4,126.53,South,small
ST010,23,1,1,1,177.84,1272.7,130.07,South,small
ST010,24,1,1,1,180.56,1310.0,129.2,South,small
ST011,1,1,0,0,137.33,877.5,60.45,East,small
ST011,2,1,0,0,133.83,836.0,57.16,East,small
ST011,3,1,0,0,142.28,901.7,67.62,East,small
ST011,4,1,0,0,141.43,914.0,68.16,East,small
ST011,5,1,0,0,142.8,939.5,63.86,East,small
ST011,6,1,0,0,140.37,973.9,74.0,East,small
ST011,7,1,0,0,141.24,951.5,72.27,East,small
ST011,8,1,0,0,136.19,975.6,71.9,East,small
ST011,9,1,0,0,138.8,1035.1,79.61,East,small
ST011,10,1,0,0,139.83,1025.8,78.02,East,small
ST011,11,1,0,0,147.33,1029.5,86.03,East,small
ST011,12,1,0,0,149.58,1049.3,81.39,East,small
ST011,13,1,1,1,168.11,1139.6,99.5,East,small
ST011,14,1,1,1,166.27,1104.0,98.24,East,small
ST011,15,1,1,1,169.2,1120.2,111.16,East,small
ST011,16,1,1,1,173.53,1113.2,109.58,East,small
ST011,17,1,1,1,172.85,1161.1,116.9,East,small
ST011,18,1,1,1,166.69,1136.0,110.81,East,small
ST011,19,1,1,1,166.67,1180.4,114.89,East,small
ST011,20,1,1,1,171.09,1225.3,120.38,East,small
ST011,21,1,1,1,172.2,1251.4,126.51,East,small
ST011,22,1,1,1,173.14,1251.7,129.41,East,small
ST011,23,1,1,1,178.22,1298.7,124.3,East,small
ST011,24,1,1,1,180.21,1236.4,133.41,East,small
ST012,1,1,0,0,129.12,867.1,42.18,West,small
ST012,2,1,0,0,137.28,906.1,59.84,West,small
ST012,3,1,0,0,141.54,938.5,68.03,West,small
ST012,4,1,0,0,140.79,935.3,62.38,West,small
ST012,5,1,0,0,142.02,943.8,64.22,West,small
ST012,6,1,0,0,138.23,945.0,77.04,West,small
ST012,7,1,0,0,138.63,967.9,86.29,West,small
ST012,8,1,0,0,138.36,969.8,86.0,West,small
ST012,9,1,0,0,135.16,943.7,75.47,West,small
ST012,10,1,0,0,137.58,968.9,81.39,West,small
ST012,11,1,0,0,143.23,1006.0,88.96,West,small
ST012,12,1,0,0,148.59,1050.2,93.0,West,small
ST012,13,1,1,1,158.24,1089.0,95.63,West,small
ST012,14,1,1,1,167.81,1094.4,109.4,West,small
ST012,15,1,1,1,168.32,1070.6,111.48,West,small
ST012,16,1,1,1,165.36,1089.4,118.89,West,small
ST012,17,1,1,1,167.73,1139.3,113.53,West,small
ST012,18,1,1,1,165.87,1154.5,119.39,West,small
ST012,19,1,1,1,163.79,1123.7,113.35,West,small
ST012,20,1,1,1,166.83,1194.8,122.11,West,small
ST012,21,1,1,1,163.69,1236.0,129.14,West,small
ST012,22,1,1,1,169.95,1246.8,133.6,West,small
ST012,23,1,1,1,173.41,1263.3,135.13,West,small
ST012,24,1,1,1,176.91,1312.2,130.55,West,small
ST013,1,1,0,0,162.76,917.3,69.82,North,large
ST013,2,1,0,0,163.86,954.1,60.64,North,large
ST013,3,1,0,0,172.33,1037.6,62.98,North,large
ST013,4,1,0,0,167.64,1028.8,66.31,North,large
ST013,5,1,0,0,165.29,1010.9,68.65,North,large
ST013,6,1,0,0,169.97,1030.1,80.41,North,large
ST013,7,1,0,0,170.27,1107.7,74.07,North,large
ST013,8,1,0,0,168.3,1100.6,80.08,North,large
ST013,9,1,0,0,171.46,1139.5,91.37,North,large
ST013,10,1,0,0,168.49,1072.9,81.08,North,large
ST013,11,1,0,0,174.18,1132.7,96.1,North,large
ST013,12,1,0,0,178.32,1147.8,92.16,North,large
ST013,13,1,1,1,187.16,1158.9,101.42,North,large
ST013,14,1,1,1,197.19,1172.5,109.71,North,large
ST013,15,1,1,1,195.75,1168.7,100.85,North,large
ST013,16,1,1,1,197.11,1217.5,111.81,North,large
ST013,17,1,1,1,195.26,1276.7,107.06,North,large
ST013,18,1,1,1,199.41,1278.4,112.75,North,large
ST013,19,1,1,1,197.11,1286.0,115.24,North,large
ST013,20,1,1,1,197.77,1265.4,123.16,North,large
ST013,21,1,1,1,198.94,1324.1,125.37,North,large
ST013,22,1,1,1,202.27,1316.8,125.0,North,large
ST013,23,1,1,1,201.05,1271.3,136.45,North,large
ST013,24,1,1,1,208.04,1327.1,136.7,North,large
ST014,1,1,0,0,133.78,835.8,50.44,South,small
ST014,2,1,0,0,142.55,917.1,56.26,South,small
ST014,3,1,0,0,142.15,910.3,61.87,South,small
ST014,4,1,0,0,144.58,934.1,67.29,South,small
ST014,5,1,0,0,142.43,984.6,64.48,South,small
ST014,6,1,0,0,142.67,927.2,71.33,South,small
ST014,7,1,0,0,135.53,938.8,74.99,South,small
ST014,8,1,0,0,144.24,1013.2,79.65,South,small
ST014,9,1,0,0,143.53,994.0,85.57,South,small
ST014,10,1,0,0,145.6,1037.5,96.79,South,small
ST014,11,1,0,0,151.41,1073.3,91.96,South,small
ST014,12,1,0,0,152.1,1046.2,88.02,South,small
ST014,13,1,1,1,170.62,1106.4,106.88,South,small
ST014,14,1,1,1,169.97,1143.9,98.1,South,small
ST014,15,1,1,1,170.91,1069.4,107.51,South,small
ST014,16,1,1,1,172.39,1113.9,110.99,South,small
ST014,17,1,1,1,170.72,1107.7,110.56,South,small
ST014,18,1,1,1,173.41,1198.8,120.31,South,small
ST014,19,1,1,1,173.74,1197.2,116.03,South,small
ST014,20,1,1,1,171.92,1211.4,116.49,South,small
ST014,21,1,1,1,168.54,1205.9,116.57,South,small
ST014,22,1,1,1,176.44,1278.7,130.98,South,small
ST014,23,1,1,1,174.27,1284.5,131.77,South,small
ST014,24,1,1,1,181.03,1284.3,126.82,South,small
ST015,1,1,0,0,134.37,883.0,65.12,East,medium
ST015,2,1,0,0,136.73,923.5,65.97,East,medium
ST015,3,1,0,0,147.78,920.6,73.0,East,medium
ST015,4,1,0,0,144.02,959.6,63.51,East,medium
ST015,5,1,0,0,144.41,1003.7,65.89,East,medium
ST015,6,1,0,0,143.07,978.9,73.93,East,medium
ST015,7,1,0,0,141.68,981.0,85.87,East,medium
ST015,8,1,0,0,141.19,996.5,78.42,East,medium
ST015,9,1,0,0,144.82,1014.6,77.2,East,medium
ST015,10,1,0,0,142.5,1069.9,80.68,East,medium
ST015,11,1,0,0,147.58,1102.1,84.52,East,medium
ST015,12,1,0,0,153.06,1089.8,84.8,East,medium
ST015,13,1,1,1,164.33,1087.3,101.19,East,medium
ST015,14,1,1,1,167.28,1113.5,107.31,East,medium
ST015,15,1,1,1,173.76,1118.9,101.49,East,medium
ST015,16,1,1,1,170.36,1108.0,117.59,East,medium
ST015,17,1,1,1,169.96,1138.8,115.19,East,medium
ST015,18,1,1,1,170.22,1135.3,119.83,East,medium
ST015,19,1,1,1,165.32,1173.4,114.99,East,medium
ST015,20,1,1,1,167.05,1185.7,121.91,East,medium
ST015,21,1,1,1,171.27,1214.0,121.39,East,medium
ST015,22,1,1,1,172.83,1249.1,130.01,East,medium
ST015,23,1,1,1,178.27,1246.7,132.48,East,medium
ST015,24,1,1,1,181.36,1239.1,133.69,East,medium
ST016,1,1,0,0,134.92,824.0,63.96,West,small
ST016,2,1,0,0,139.29,918.6,60.76,West,small
ST016,3,1,0,0,142.31,927.7,65.29,West,small
ST016,4,1,0,0,140.66,906.8,64.39,West,small
ST016,5,1,0,0,140.26,930.5,76.42,West,small
ST016,6,1,0,0,138.75,956.6,77.93,West,small
ST016,7,1,0,0,140.43,947.7,69.21,West,small
ST016,8,1,0,0,142.75,970.6,72.61,West,small
ST016,9,1,0,0,140.47,1053.8,77.4,West,small
ST016,10,1,0,0,143.27,1024.7,82.74,West,small
ST016,11,1,0,0,146.2,1022.2,94.39,West,small
ST016,12,1,0,0,151.66,1071.6,83.2,West,small
ST016,13,1,1,1,166.23,1092.3,106.02,West,small
ST016,14,1,1,1,169.41,1107.4,109.26,West,small
ST016,15,1,1,1,168.44,1082.2,106.62,West,small
ST016,16,1,1,1,174.0,1170.1,109.31,West,small
ST016,17,1,1,1,171.35,1155.1,114.01,West,small
ST016,18,1,1,1,170.67,1173.1,125.08,West,small
ST016,19,1,1,1,168.01,1212.8,118.89,West,small
ST016,20,1,1,1,168.6,1184.0,116.01,West,small
ST016,21,1,1,1,167.79,1188.3,129.26,West,small
ST016,22,1,1,1,178.82,1248.2,136.82,West,small
ST016,23,1,1,1,181.76,1309.2,136.55,West,small
ST016,24,1,1,1,181.43,1278.9,132.84,West,small
ST017,1,1,0,0,147.54,911.6,51.68,North,medium
ST017,2,1,0,0,155.78,983.2,68.88,North,medium
ST017,3,1,0,0,159.65,988.6,72.27,North,medium
ST017,4,1,0,0,152.65,928.3,70.23,North,medium
ST017,5,1,0,0,156.5,986.0,73.76,North,medium
ST017,6,1,0,0,159.13,983.6,78.3,North,medium
ST017,7,1,0,0,156.61,1050.5,78.66,North,medium
ST017,8,1,0,0,154.33,1074.1,75.11,North,medium
ST017,9,1,0,0,157.38,1079.1,75.2,North,medium
ST017,10,1,0,0,158.68,1045.3,85.19,North,medium
ST017,11,1,0,0,162.42,1101.9,88.42,North,medium
ST017,12,1,0,0,164.28,1074.8,86.1,North,medium
ST017,13,1,1,1,178.83,1132.2,108.75,North,medium
ST017,14,1,1,1,185.03,1171.7,98.95,North,medium
ST017,15,1,1,1,187.27,1124.1,100.56,North,medium
ST017,16,1,1,1,189.18,1178.5,107.05,North,medium
ST017,17,1,1,1,183.58,1153.0,113.34,North,medium
ST017,18,1,1,1,190.72,1251.8,123.33,North,medium
ST017,19,1,1,1,188.7,1288.8,113.75,North,medium
ST017,20,1,1,1,185.29,1231.9,113.35,North,medium
ST017,21,1,1,1,183.8,1327.7,122.67,North,medium
ST017,22,1,1,1,186.92,1265.5,121.76,North,medium
ST017,23,1,1,1,196.02,1321.7,134.8,North,medium
ST017,24,1,1,1,195.1,1336.8,141.49,North,medium
ST018,1,1,0,0,155.45,936.6,61.6,South,medium
ST018,2,1,0,0,154.1,934.5,52.53,South,medium
ST018,3,1,0,0,157.36,942.3,63.3,South,medium
ST018,4,1,0,0,158.95,940.8,72.09,South,medium
ST018,5,1,0,0,160.52,995.9,72.01,South,medium
ST018,6,1,0,0,159.17,1038.3,77.71,South,medium
ST018,7,1,0,0,159.21,1041.3,74.56,South,medium
ST018,8,1,0,0,160.13,1053.3,74.54,South,medium
ST018,9,1,0,0,156.81,1078.7,85.62,South,medium
ST018,10,1,0,0,161.62,1129.8,87.7,South,medium
ST018,11,1,0,0,171.6,1161.5,89.05,South,medium
ST018,12,1,0,0,167.83,1132.1,96.56,South,medium
ST018,13,1,1,1,183.33,1172.1,101.2,South,medium
ST018,14,1,1,1,186.8,1172.7,113.3,South,medium
ST018,15,1,1,1,181.88,1135.4,100.28,South,medium
ST018,16,1,1,1,187.88,1158.6,107.17,South,medium
ST018,17,1,1,1,195.12,1205.5,113.49,South,medium
ST018,18,1,1,1,187.62,1232.0,112.62,South,medium
ST018,19,1,1,1,190.06,1268.6,114.81,South,medium
ST018,20,1,1,1,183.7,1233.0,117.2,South,medium
ST018,21,1,1,1,186.88,1311.9,116.22,South,medium
ST018,22,1,1,1,187.81,1267.9,123.11,South,medium
ST018,23,1,1,1,193.21,1284.9,137.5,South,medium
ST018,24,1,1,1,196.1,1299.3,126.12,South,medium
ST019,1,1,0,0,134.94,842.2,55.66,East,medium
ST019,2,1,0,0,137.8,834.3,65.46,East,medium
ST019,3,1,0,0,137.81,917.9,60.17,East,medium
ST019,4,1,0,0,141.98,916.4,64.77,East,medium
ST019,5,1,0,0,141.0,952.0,62.71,East,medium
ST019,6,1,0,0,133.29,903.9,73.36,East,medium
ST019,7,1,0,0,144.94,1045.1,73.73,East,medium
ST019,8,1,0,0,144.02,1008.0,81.56,East,medium
ST019,9,1,0,0,137.53,1008.7,71.28,East,medium
ST019,10,1,0,0,144.74,1022.9,83.51,East,medium
ST019,11,1,0,0,148.32,1093.7,89.54,East,medium
ST019,12,1,0,0,149.54,1104.4,94.24,East,medium
ST019,13,1,1,1,169.34,1111.0,99.63,East,medium
ST019,14,1,1,1,167.79,1121.0,106.5,East,medium
ST019,15,1,1,1,170.8,1091.4,110.11,East,medium
ST019,16,1,1,1,171.01,1154.1,107.17,East,medium
ST019,17,1,1,1,170.45,1162.0,117.61,East,medium
ST019,18,1,1,1,168.33,1156.4,114.34,East,medium
ST019,19,1,1,1,165.37,1192.0,124.58,East,medium
ST019,20,1,1,1,169.81,1196.7,127.79,East,medium
ST019,21,1,1,1,170.26,1238.2,134.13,East,medium
ST019,22,1,1,1,172.85,1255.6,125.06,East,medium
ST019,23,1,1,1,180.55,1258.7,145.11,East,medium
ST019,24,1,1,1,177.79,1247.9,130.01,East,medium
ST020,1,1,0,0,153.48,923.9,54.11,West,large
ST020,2,1,0,0,155.26,916.4,60.25,West,large
ST020,3,1,0,0,157.63,951.1,67.82,West,large
ST020,4,1,0,0,160.91,923.2,68.04,West,large
ST020,5,1,0,0,164.14,978.8,74.16,West,large
ST020,6,1,0,0,157.25,1070.2,70.77,West,large
ST020,7,1,0,0,158.57,1027.2,75.31,West,large
ST020,8,1,0,0,157.39,1025.0,76.7,West,large
ST020,9,1,0,0,153.22,1021.0,71.08,West,large
ST020,10,1,0,0,164.27,1088.0,88.89,West,large
ST020,11,1,0,0,166.98,1132.9,91.52,West,large
ST020,12,1,0,0,168.09,1147.9,86.16,West,large
ST020,13,1,1,1,181.96,1111.5,94.71,West,large
ST020,14,1,1,1,189.13,1174.1,108.08,West,large
ST020,15,1,1,1,184.07,1174.5,103.59,West,large
ST020,16,1,1,1,191.84,1229.0,114.31,West,large
ST020,17,1,1,1,192.13,1215.9,117.28,West,large
ST020,18,1,1,1,191.82,1282.2,118.91,West,large
ST020,19,1,1,1,184.9,1232.5,118.18,West,large
ST020,20,1,1,1,187.78,1287.3,123.21,West,large
ST020,21,1,1,1,189.33,1273.0,125.88,West,large
ST020,22,1,1,1,192.76,1350.9,130.98,West,large
ST020,23,1,1,1,190.63,1289.9,116.98,West,large
ST020,24,1,1,1,199.37,1328.1,137.07,West,large
ST021,1,1,0,0,150.87,923.1,65.53,North,large
ST021,2,1,0,0,151.53,896.9,61.54,North,large
ST021,3,1,0,0,158.73,994.3,63.81,North,large
ST021,4,1,0,0,153.4,946.8,67.25,North,large
ST021,5,1,0,0,154.84,964.7,66.32,North,large
ST021,6,1,0,0,160.96,1013.5,79.01,North,large
ST021,7,1,0,0,154.99,1039.6,71.38,North,large
ST021,8,1,0,0,155.13,1049.5,76.61,North,large
ST021,9,1,0,0,158.33,1111.0,90.36,North,large
ST021,10,1,0,0,154.75,1036.4,92.57,North,large
ST021,11,1,0,0,163.03,1049.7,88.98,North,large
ST021,12,1,0,0,169.72,1149.9,90.15,North,large
ST021,13,1,1,1,182.15,1138.5,107.76,North,large
ST021,14,1,1,1,182.35,1146.4,99.35,North,large
ST021,15,1,1,1,184.3,1197.1,109.18,North,large
ST021,16,1,1,1,184.45,1159.6,108.16,North,large
ST021,17,1,1,1,187.35,1214.8,99.34,North,large
ST021,18,1,1,1,186.31,1237.8,126.48,North,large
ST021,19,1,1,1,187.28,1294.2,111.8,North,large
ST021,20,1,1,1,187.51,1260.8,127.41,North,large
ST021,21,1,1,1,185.26,1306.1,112.74,North,large
ST021,22,1,1,1,190.2,1306.3,131.35,North,large
ST021,23,1,1,1,192.46,1319.1,124.78,North,large
ST021,24,1,1,1,196.85,1320.3,132.21,North,large
ST022,1,1,0,0,145.53,909.3,55.06,South,medium
ST022,2,1,0,0,147.86,860.9,62.62,South,medium
ST022,3,1,0,0,151.44,958.0,65.48,South,medium
ST022,4,1,0,0,153.92,961.2,68.71,South,medium
ST022,5,1,0,0,148.89,931.7,71.36,South,medium
ST022,6,1,0,0,151.39,987.7,73.28,South,medium
ST022,7,1,0,0,144.13,938.6,83.2,South,medium
ST022,8,1,0,0,142.21,934.8,86.61,South,medium
ST022,9,1,0,0,147.44,1062.6,78.5,South,medium
ST022,10,1,0,0,150.69,1056.0,87.63,South,medium
ST022,11,1,0,0,160.3,1107.6,95.48,South,medium
ST022,12,1,0,0,160.21,1070.8,85.56,South,medium
ST022,13,1,1,1,174.55,1120.5,108.15,South,medium
ST022,14,1,1,1,177.4,1169.1,110.93,South,medium
ST022,15,1,1,1,180.01,1136.4,115.72,South,medium
ST022,16,1,1,1,176.45,1170.9,109.83,South,medium
ST022,17,1,1,1,178.31,1125.5,115.28,South,medium
ST022,18,1,1,1,178.0,1156.6,114.48,South,medium
ST022,19,1,1,1,176.95,1156.1,133.66,South,medium
ST022,20,1,1,1,174.83,1239.1,123.95,South,medium
ST022,21,1,1,1,179.68,1258.9,127.02,South,medium
ST022,22,1,1,1,177.76,1198.2,128.8,South,medium
ST022,23,1,1,1,183.64,1306.1,136.33,South,medium
ST022,24,1,1,1,188.52,1309.7,137.92,South,medium
ST023,1,1,0,0,137.05,889.4,59.53,East,medium
ST023,2,1,0,0,138.51,912.5,51.68,East,medium
ST023,3,1,0,0,142.81,900.8,61.76,East,medium
ST023,4,1,0,0,146.92,903.5,74.41,East,medium
ST023,5,1,0,0,141.77,912.7,61.81,East,medium
ST023,6,1,0,0,141.39,955.7,78.41,East,medium
ST023,7,1,0,0,140.49,981.5,84.79,East,medium
ST023,8,1,0,0,137.9,982.3,76.12,East,medium
ST023,9,1,0,0,139.86,978.6,72.22,East,medium
ST023,10,1,0,0,145.85,1016.3,75.51,East,medium
ST023,11,1,0,0,145.17,1031.7,93.67,East,medium
ST023,12,1,0,0,150.99,1042.0,94.5,East,medium
ST023,13,1,1,1,162.13,1050.3,91.58,East,medium
ST023,14,1,1,1,171.13,1106.3,96.44,East,medium
ST023,15,1,1,1,174.51,1156.7,108.88,East,medium
ST023,16,1,1,1,167.97,1133.1,109.42,East,medium
ST023,17,1,1,1,170.41,1128.7,110.38,East,medium
ST023,18,1,1,1,173.27,1210.4,114.63,East,medium
ST023,19,1,1,1,169.31,1231.0,116.44,East,medium
ST023,20,1,1,1,169.88,1206.1,120.79,East,medium
ST023,21,1,1,1,172.68,1239.5,121.92,East,medium
ST023,22,1,1,1,171.85,1261.7,129.11,East,medium
ST023,23,1,1,1,179.49,1260.5,134.17,East,medium
ST023,24,1,1,1,181.32,1286.0,128.84,East,medium
ST024,1,1,0,0,128.4,852.2,58.11,West,small
ST024,2,1,0,0,135.07,839.4,64.34,West,small
ST024,3,1,0,0,138.16,839.5,69.65,West,small
ST024,4,1,0,0,143.57,923.9,77.01,West,small
ST024,5,1,0,0,139.39,897.6,64.76,West,small
ST024,6,1,0,0,139.97,939.6,81.19,West,small
ST024,7,1,0,0,141.7,1005.1,74.56,West,small
ST024,8,1,0,0,143.25,968.6,75.89,West,small
ST024,9,1,0,0,141.16,1028.8,75.51,West,small
ST024,10,1,0,0,144.28,1014.7,90.63,West,small
ST024,11,1,0,0,145.93,988.0,94.7,West,small
ST024,12,1,0,0,154.06,1045.0,96.76,West,small
ST024,13,1,1,1,161.35,1029.6,101.73,West,small
ST024,14,1,1,1,165.79,1089.4,106.21,West,small
ST024,15,1,1,1,169.06,1082.5,104.54,West,small
ST024,16,1,1,1,169.68,1130.1,113.5,West,small
ST024,17,1,1,1,170.8,1124.7,114.19,West,small
ST024,18,1,1,1,167.45,1136.1,116.02,West,small
ST024,19,1,1,1,172.65,1167.0,121.77,West,small
ST024,20,1,1,1,167.81,1206.9,114.57,West,small
ST024,21,1,1,1,169.4,1207.5,127.53,West,small
ST024,22,1,1,1,171.5,1209.8,121.27,West,small
ST024,23,1,1,1,175.29,1255.8,128.99,West,small
ST024,24,1,1,1,181.26,1301.3,136.41,West,small
ST025,1,1,0,0,146.99,905.8,73.32,North,medium
ST025,2,1,0,0,147.65,861.2,56.16,North,medium
ST025,3,1,0,0,146.85,930.4,63.3,North,medium
ST025,4,1,0,0,149.39,940.5,68.44,North,medium
ST025,5,1,0,0,150.98,972.2,70.17,North,medium
ST025,6,1,0,0,153.92,1022.8,69.22,North,medium
ST025,7,1,0,0,148.57,1004.9,82.8,North,medium
ST025,8,1,0,0,150.97,966.8,82.74,North,medium
ST025,9,1,0,0,153.66,1079.3,84.99,North,medium
ST025,10,1,0,0,148.19,1026.1,78.02,North,medium
ST025,11,1,0,0,161.54,1144.5,97.48,North,medium
ST025,12,1,0,0,159.58,1117.1,86.51,North,medium
ST025,13,1,1,1,169.38,1072.1,101.72,North,medium
ST025,14,1,1,1,177.37,1157.3,103.76,North,medium
ST025,15,1,1,1,175.59,1138.0,104.19,North,medium
ST025,16,1,1,1,177.1,1137.6,117.13,North,medium
ST025,17,1,1,1,180.66,1155.1,121.61,North,medium
ST025,18,1,1,1,182.7,1256.0,116.47,North,medium
ST025,19,1,1,1,181.88,1228.6,118.26,North,medium
ST025,20,1,1,1,179.62,1245.8,127.33,North,medium
ST025,21,1,1,1,178.11,1304.1,123.51,North,medium
ST025,22,1,1,1,181.83,1246.8,124.91,North,medium
ST025,23,1,1,1,186.46,1244.1,142.07,North,medium
ST025,24,1,1,1,187.73,1351.8,137.88,North,medium
ST026,1,1,0,0,150.83,936.9,64.84,South,medium
ST026,2,1,0,0,148.34,939.3,64.63,South,medium
ST026,3,1,0,0,158.08,957.2,61.87,South,medium
ST026,4,1,0,0,156.16,938.9,75.85,South,medium
ST026,5,1,0,0,154.46,994.5,65.7,South,medium
ST026,6,1,0,0,156.28,993.9,71.69,South,medium
ST026,7,1,0,0,157.38,1028.9,75.06,South,medium
ST026,8,1,0,0,151.62,1030.8,77.51,South,medium
ST026,9,1,0,0,152.3,1022.3,81.17,South,medium
ST026,10,1,0,0,159.03,1073.0,87.71,South,medium
ST026,11,1,0,0,164.02,1096.2,92.48,South,medium
ST026,12,1,0,0,163.01,1037.9,90.23,South,medium
ST026,13,1,1,1,177.14,1123.9,101.03,South,medium
ST026,14,1,1,1,181.04,1119.0,106.13,South,medium
ST026,15,1,1,1,183.88,1158.5,113.25,South,medium
ST026,16,1,1,1,186.29,1194.7,108.18,South,medium
ST026,17,1,1,1,184.23,1169.7,112.55,South,medium
ST026,18,1,1,1,183.72,1227.3,127.26,South,medium
ST026,19,1,1,1,184.26,1268.1,116.16,South,medium
ST026,20,1,1,1,186.2,1255.6,121.58,South,medium
ST026,21,1,1,1,181.19,1263.2,123.23,South,medium
ST026,22,1,1,1,191.61,1294.5,131.45,South,medium
ST026,23,1,1,1,191.42,1339.5,128.17,South,medium
ST026,24,1,1,1,200.66,1376.9,139.6,South,medium
ST027,1,1,0,0,142.52,886.1,57.52,East,medium
ST027,2,1,0,0,146.3,911.9,70.52,East,medium
ST027,3,1,0,0,148.16,976.4,60.38,East,medium
ST027,4,1,0,0,153.74,976.8,71.81,East,medium
ST027,5,1,0,0,152.19,991.2,77.55,East,medium
ST027,6,1,0,0,145.43,990.2,70.08,East,medium
ST027,7,1,0,0,147.41,968.9,74.92,East,medium
ST027,8,1,0,0,147.3,1018.6,86.46,East,medium
ST027,9,1,0,0,149.61,1057.2,82.08,East,medium
ST027,10,1,0,0,149.99,1009.2,75.23,East,medium
ST027,11,1,0,0,151.69,1017.0,87.23,East,medium
ST027,12,1,0,0,163.27,1128.1,90.43,East,medium
ST027,13,1,1,1,169.16,1088.6,100.03,East,medium
ST027,14,1,1,1,176.7,1119.0,102.2,East,medium
ST027,15,1,1,1,176.87,1164.3,103.43,East,medium
ST027,16,1,1,1,176.72,1149.6,111.24,East,medium
ST027,17,1,1,1,180.48,1212.6,106.79,East,medium
ST027,18,1,1,1,179.29,1203.7,113.21,East,medium
ST027,19,1,1,1,181.39,1257.2,113.95,East,medium
ST027,20,1,1,1,174.61,1209.9,119.97,East,medium
ST027,21,1,1,1,176.48,1232.8,121.07,East,medium
ST027,22,1,1,1,183.94,1291.2,131.94,East,medium
ST027,23,1,1,1,184.29,1301.0,144.04,East,medium
ST027,24,1,1,1,188.0,1319.4,132.83,East,medium
ST028,1,1,0,0,148.75,924.1,64.89,West,large
ST028,2,1,0,0,155.45,964.4,65.17,West,large
ST028,3,1,0,0,155.52,952.0,64.85,West,large
ST028,4,1,0,0,157.0,981.4,68.34,West,large
ST028,5,1,0,0,159.55,997.3,79.34,West,large
ST028,6,1,0,0,157.52,1002.0,81.11,West,large
ST028,7,1,0,0,154.99,1042.2,70.52,West,large
ST028,8,1,0,0,154.52,1051.8,80.07,West,large
ST028,9,1,0,0,156.56,1048.9,83.59,West,large
ST028,10,1,0,0,158.06,1060.1,75.46,West,large
ST028,11,1,0,0,157.88,1070.5,92.97,West,large
ST028,12,1,0,0,172.34,1146.7,95.42,West,large
ST028,13,1,1,1,179.54,1154.3,99.88,West,large
ST028,14,1,1,1,183.54,1132.0,103.63,West,large
ST028,15,1,1,1,183.14,1145.8,102.4,West,large
ST028,16,1,1,1,185.41,1205.9,106.49,West,large
ST028,17,1,1,1,187.71,1202.3,108.99,West,large
ST028,18,1,1,1,186.18,1252.9,123.59,West,large
ST028,19,1,1,1,181.51,1261.0,116.33,West,large
ST028,20,1,1,1,183.11,1277.6,120.62,West,large
ST028,21,1,1,1,184.74,1239.5,131.42,West,large
ST028,22,1,1,1,184.11,1276.2,126.93,West,large
ST028,23,1,1,1,188.43,1357.8,126.28,West,large
ST028,24,1,1,1,200.09,1358.6,137.58,West,large
ST029,1,1,0,0,132.04,863.2,50.13,North,small
ST029,2,1,0,0,130.11,844.8,50.77,North,small
ST029,3,1,0,0,134.53,856.7,67.83,North,small
ST029,4,1,0,0,135.58,868.2,61.98,North,small
ST029,5,1,0,0,139.43,951.3,62.56,North,small
ST029,6,1,0,0,136.54,945.2,77.67,North,small
ST029,7,1,0,0,134.23,913.3,64.88,North,small
ST029,8,1,0,0,139.86,1015.3,76.07,North,small
ST029,9,1,0,0,139.04,1004.1,69.08,North,small
ST029,10,1,0,0,140.22,969.4,91.12,North,small
ST029,11,1,0,0,142.98,994.1,95.42,North,small
ST029,12,1,0,0,146.97,1032.3,90.54,North,small
ST029,13,1,1,1,163.74,1057.8,95.51,North,small
ST029,14,1,1,1,163.15,1114.2,109.29,North,small
ST029,15,1,1,1,167.86,1110.4,108.63,North,small
ST029,16,1,1,1,166.79,1127.7,113.54,North,small
ST029,17,1,1,1,167.03,1066.6,117.92,North,small
ST029,18,1,1,1,168.07,1130.2,112.79,North,small
ST029,19,1,1,1,165.39,1202.3,119.08,North,small
ST029,20,1,1,1,162.81,1136.0,121.66,North,small
ST029,21,1,1,1,171.79,1249.6,135.99,North,small
ST029,22,1,1,1,164.02,1201.6,128.46,North,small
ST029,23,1,1,1,170.61,1254.2,130.98,North,small
ST029,24,1,1,1,175.0,1289.1,131.84,North,small
ST030,1,1,0,0,143.68,897.4,57.08,South,medium
ST030,2,1,0,0,148.47,937.2,64.92,South,medium
ST030,3,1,0,0,148.61,902.3,63.63,South,medium
ST030,4,1,0,0,153.22,962.0,66.86,South,medium
ST030,5,1,0,0,153.32,975.6,68.16,South,medium
ST030,6,1,0,0,149.13,997.4,67.94,South,medium
ST030,7,1,0,0,154.96,1037.3,78.41,South,medium
ST030,8,1,0,0,152.21,1021.1,73.91,South,medium
ST030,9,1,0,0,147.74,997.2,86.16,South,medium
ST030,10,1,0,0,156.75,1074.1,93.21,South,medium
ST030,11,1,0,0,154.7,1038.3,84.24,South,medium
ST030,12,1,0,0,158.35,1075.4,90.52,South,medium
ST030,13,1,1,1,174.03,1073.0,100.36,South,medium
ST030,14,1,1,1,177.14,1100.2,98.92,South,medium
ST030,15,1,1,1,178.5,1140.9,108.23,South,medium
ST030,16,1,1,1,179.03,1121.9,110.73,South,medium
ST030,17,1,1,1,181.48,1184.8,125.39,South,medium
ST030,18,1,1,1,181.7,1220.2,110.65,South,medium
ST030,19,1,1,1,181.87,1219.6,128.0,South,medium
ST030,20,1,1,1,177.24,1247.6,124.11,South,medium
ST030,21,1,1,1,181.14,1221.4,126.54,South,medium
ST030,22,1,1,1,186.21,1315.2,123.56,South,medium
ST030,23,1,1,1,182.11,1310.9,132.58,South,medium
ST030,24,1,1,1,189.43,1271.2,137.06,South,medium
ST031,1,0,0,0,130.46,816.6,63.94,East,medium
ST031,2,0,0,0,136.92,843.5,59.0,East,medium
ST031,3,0,0,0,133.82,791.7,60.85,East,medium
ST031,4,0,0,0,138.75,853.6,67.01,East,medium
ST031,5,0,0,0,137.01,858.1,67.44,East,medium
ST031,6,0,0,0,135.54,855.7,79.48,East,medium
ST031,7,0,0,0,136.17,959.7,79.19,East,medium
ST031,8,0,0,0,138.17,909.4,80.13,East,medium
ST031,9,0,0,0,136.48,990.5,82.1,East,medium
ST031,10,0,0,0,141.12,956.8,84.5,East,medium
ST031,11,0,0,0,147.43,987.1,90.01,East,medium
ST031,12,0,0,0,150.08,1005.7,88.23,East,medium
ST031,13,0,1,0,147.13,982.7,91.46,East,medium
ST031,14,0,1,0,155.92,1011.2,101.35,East,medium
ST031,15,0,1,0,152.37,967.1,105.93,East,medium
ST031,16,0,1,0,160.77,1074.5,100.45,East,medium
ST031,17,0,1,0,155.88,1113.8,117.42,East,medium
ST031,18,0,1,0,159.52,1167.1,112.99,East,medium
ST031,19,0,1,0,154.28,1140.1,114.14,East,medium
ST031,20,0,1,0,156.48,1148.3,115.72,East,medium
ST031,21,0,1,0,156.83,1134.1,120.95,East,medium
ST031,22,0,1,0,159.05,1151.5,136.26,East,medium
ST031,23,0,1,0,164.52,1155.1,137.93,East,medium
ST031,24,0,1,0,166.8,1214.1,137.43,East,medium
ST032,1,0,0,0,138.87,807.2,55.03,West,medium
ST032,2,0,0,0,142.14,843.4,60.95,West,medium
ST032,3,0,0,0,146.78,894.9,60.98,West,medium
ST032,4,0,0,0,144.64,875.2,63.61,West,medium
ST032,5,0,0,0,147.87,907.0,76.93,West,medium
ST032,6,0,0,0,148.98,942.4,78.94,West,medium
ST032,7,0,0,0,143.33,947.2,80.79,West,medium
ST032,8,0,0,0,142.71,953.3,67.61,West,medium
ST032,9,0,0,0,142.51,965.3,84.75,West,medium
ST032,10,0,0,0,148.06,1006.8,88.62,West,medium
ST032,11,0,0,0,152.65,1047.5,94.34,West,medium
ST032,12,0,0,0,149.09,990.7,80.34,West,medium
ST032,13,0,1,0,161.37,1084.9,100.41,West,medium
ST032,14,0,1,0,162.09,1077.8,99.81,West,medium
ST032,15,0,1,0,165.26,1059.6,108.2,West,medium
ST032,16,0,1,0,165.82,1025.1,119.0,West,medium
ST032,17,0,1,0,166.24,1074.3,117.11,West,medium
ST032,18,0,1,0,164.73,1133.6,108.77,West,medium
ST032,19,0,1,0,166.0,1124.2,122.43,West,medium
ST032,20,0,1,0,164.66,1133.0,114.18,West,medium
ST032,21,0,1,0,165.05,1214.7,129.49,West,medium
ST032,22,0,1,0,167.34,1184.7,122.85,West,medium
ST032,23,0,1,0,171.19,1227.2,132.76,West,medium
ST032,24,0,1,0,176.06,1230.5,128.06,West,medium
ST033,1,0,0,0,132.69,748.6,59.21,North,medium
ST033,2,0,0,0,136.99,839.8,49.62,North,medium
ST033,3,0,0,0,139.43,831.1,61.67,North,medium
ST033,4,0,0,0,140.85,828.3,66.61,North,medium
ST033,5,0,0,0,142.12,877.4,78.89,North,medium
ST033,6,0,0,0,137.96,843.0,75.62,North,medium
ST033,7,0,0,0,139.77,941.8,84.86,North,medium
ST033,8,0,0,0,137.89,899.0,79.03,North,medium
ST033,9,0,0,0,145.2,986.0,92.53,North,medium
ST033,10,0,0,0,141.34,901.4,88.79,North,medium
ST033,11,0,0,0,145.41,1005.9,81.81,North,medium
ST033,12,0,0,0,150.59,1018.1,91.37,North,medium
ST033,13,0,1,0,159.2,1084.6,98.72,North,medium
ST033,14,0,1,0,159.75,1113.1,100.36,North,medium
ST033,15,0,1,0,157.03,1069.6,110.07,North,medium
ST033,16,0,1,0,166.24,1098.1,113.25,North,medium
ST033,17,0,1,0,167.26,1158.3,115.86,North,medium
ST033,18,0,1,0,162.33,1102.5,120.81,North,medium
ST033,19,0,1,0,158.59,1115.2,118.84,North,medium
ST033,20,0,1,0,158.55,1087.4,120.93,North,medium
ST033,21,0,1,0,159.28,1146.7,132.09,North,medium
ST033,22,0,1,0,161.85,1247.8,120.9,North,medium
ST033,23,0,1,0,166.86,1191.2,129.33,North,medium
ST033,24,0,1,0,167.63,1204.9,139.67,North,medium
ST034,1,0,0,0,137.51,777.4,56.21,South,medium
ST034,2,0,0,0,143.97,844.6,54.82,South,medium
ST034,3,0,0,0,147.22,871.6,68.02,South,medium
ST034,4,0,0,0,148.67,895.3,71.21,South,medium
ST034,5,0,0,0,150.97,917.4,73.27,South,medium
ST034,6,0,0,0,146.98,922.2,76.6,South,medium
ST034,7,0,0,0,155.9,996.9,80.39,South,medium
ST034,8,0,0,0,148.17,950.8,78.43,South,medium
ST034,9,0,0,0,153.06,977.1,87.08,South,medium
ST034,10,0,0,0,153.67,1006.7,82.6,South,medium
ST034,11,0,0,0,154.11,1050.2,85.47,South,medium
ST034,12,0,0,0,158.13,1066.8,82.16,South,medium
ST034,13,0,1,0,167.41,1048.4,107.38,South,medium
ST034,14,0,1,0,170.27,1089.5,110.63,South,medium
ST034,15,0,1,0,169.27,1097.8,103.86,South,medium
ST034,16,0,1,0,175.78,1138.4,112.19,South,medium
ST034,17,0,1,0,175.91,1170.1,113.45,South,medium
ST034,18,0,1,0,168.5,1107.9,112.06,South,medium
ST034,19,0,1,0,170.27,1163.1,115.59,South,medium
ST034,20,0,1,0,170.48,1200.7,118.76,South,medium
ST034,21,0,1,0,172.59,1256.8,121.28,South,medium
ST034,22,0,1,0,174.7,1218.9,131.49,South,medium
ST034,23,0,1,0,177.74,1232.1,139.07,South,medium
ST034,24,0,1,0,181.33,1213.2,133.74,South,medium
ST035,1,0,0,0,141.74,835.7,58.14,East,medium
ST035,2,0,0,0,147.43,874.7,70.75,East,medium
ST035,3,0,0,0,148.29,847.0,63.68,East,medium
ST035,4,0,0,0,147.43,900.6,63.32,East,medium
ST035,5,0,0,0,149.61,916.1,68.9,East,medium
ST035,6,0,0,0,153.17,927.9,67.03,East,medium
ST035,7,0,0,0,147.3,912.4,80.69,East,medium
ST035,8,0,0,0,149.21,982.7,81.9,East,medium
ST035,9,0,0,0,155.33,1027.2,87.06,East,medium
ST035,10,0,0,0,156.72,1039.3,81.12,East,medium
ST035,11,0,0,0,159.37,1044.2,95.17,East,medium
ST035,12,0,0,0,164.08,1103.8,101.37,East,medium
ST035,13,0,1,0,169.3,1067.7,101.82,East,medium
ST035,14,0,1,0,168.62,1077.3,103.43,East,medium
ST035,15,0,1,0,172.59,1083.6,109.02,East,medium
ST035,16,0,1,0,172.57,1140.2,112.81,East,medium
ST035,17,0,1,0,167.28,1049.0,109.22,East,medium
ST035,18,0,1,0,176.24,1200.1,113.59,East,medium
ST035,19,0,1,0,169.66,1187.0,120.31,East,medium
ST035,20,0,1,0,166.53,1125.2,122.32,East,medium
ST035,21,0,1,0,176.0,1277.3,131.75,East,medium
ST035,22,0,1,0,171.63,1219.8,139.16,East,medium
ST035,23,0,1,0,177.0,1239.7,135.38,East,medium
ST035,24,0,1,0,180.43,1238.6,136.82,East,medium
ST036,1,0,0,0,151.15,844.8,59.49,West,large
ST036,2,0,0,0,155.78,895.2,64.42,West,large
ST036,3,0,0,0,155.19,859.9,68.2,West,large
ST036,4,0,0,0,158.28,904.6,65.08,West,large
ST036,5,0,0,0,158.24,968.4,69.46,West,large
ST036,6,0,0,0,159.44,1001.3,73.92,West,large
ST036,7,0,0,0,155.91,1000.7,79.06,West,large
ST036,8,0,0,0,158.3,1027.8,83.79,West,large
ST036,9,0,0,0,158.85,1010.5,77.93,West,large
ST036,10,0,0,0,158.85,1083.4,88.86,West,large
ST036,11,0,0,0,160.62,1040.8,80.39,West,large
ST036,12,0,0,0,171.3,1063.4,98.76,West,large
ST036,13,0,1,0,169.21,1053.6,115.91,West,large
ST036,14,0,1,0,176.12,1102.8,92.32,West,large
ST036,15,0,1,0,174.64,1107.2,102.62,West,large
ST036,16,0,1,0,174.75,1107.5,110.51,West,large
ST036,17,0,1,0,177.94,1127.8,114.26,West,large
ST036,18,0,1,0,178.34,1146.4,109.85,West,large
ST036,19,0,1,0,177.88,1196.9,127.11,West,large
ST036,20,0,1,0,174.22,1155.3,119.84,West,large
ST036,21,0,1,0,178.38,1220.3,126.69,West,large
ST036,22,0,1,0,177.4,1206.4,121.17,West,large
ST036,23,0,1,0,183.66,1297.0,128.71,West,large
ST036,24,0,1,0,191.86,1328.6,127.6,West,large
ST037,1,0,0,0,166.61,898.5,60.05,North,large
ST037,2,0,0,0,164.19,948.0,57.34,North,large
ST037,3,0,0,0,170.19,907.6,62.75,North,large
ST037,4,0,0,0,172.75,982.2,55.23,North,large
ST037,5,0,0,0,170.72,1037.3,69.28,North,large
ST037,6,0,0,0,171.69,1003.0,77.53,North,large
ST037,7,0,0,0,166.83,988.6,70.87,North,large
ST037,8,0,0,0,166.48,995.5,84.81,North,large
ST037,9,0,0,0,176.77,1120.3,76.93,North,large
ST037,10,0,0,0,176.13,1076.6,83.06,North,large
ST037,11,0,0,0,175.06,1072.1,93.37,North,large
ST037,12,0,0,0,182.58,1080.5,96.67,North,large
ST037,13,0,1,0,187.1,1136.3,108.1,North,large
ST037,14,0,1,0,186.44,1068.1,105.91,North,large
ST037,15,0,1,0,191.72,1174.3,104.19,North,large
ST037,16,0,1,0,192.17,1219.5,112.05,North,large
ST037,17,0,1,0,195.51,1232.4,109.65,North,large
ST037,18,0,1,0,193.81,1177.6,122.3,North,large
ST037,19,0,1,0,188.87,1210.4,118.75,North,large
ST037,20,0,1,0,187.23,1214.7,120.94,North,large
ST037,21,0,1,0,190.61,1249.7,119.33,North,large
ST037,22,0,1,0,193.92,1309.4,124.56,North,large
ST037,23,0,1,0,198.41,1291.6,126.94,North,large
ST037,24,0,1,0,203.66,1383.4,148.15,North,large
ST038,1,0,0,0,157.94,923.4,59.3,South,large
ST038,2,0,0,0,162.21,918.2,66.86,South,large
ST038,3,0,0,0,167.07,976.8,61.41,South,large
ST038,4,0,0,0,161.03,935.3,52.6,South,large
ST038,5,0,0,0,165.48,1004.9,71.02,South,large
ST038,6,0,0,0,163.13,988.9,83.02,South,large
ST038,7,0,0,0,163.89,994.7,75.23,South,large
ST038,8,0,0,0,162.08,993.3,78.13,South,large
ST038,9,0,0,0,162.22,1029.5,82.21,South,large
ST038,10,0,0,0,160.0,1005.8,87.87,South,large
ST038,11,0,0,0,168.04,1075.5,83.65,South,large
ST038,12,0,0,0,171.96,1092.9,89.17,South,large
ST038,13,0,1,0,174.43,1080.6,107.12,South,large
ST038,14,0,1,0,186.13,1121.2,107.72,South,large
ST038,15,0,1,0,183.69,1061.9,102.45,South,large
ST038,16,0,1,0,187.29,1188.1,120.64,South,large
ST038,17,0,1,0,188.42,1182.4,119.14,South,large
ST038,18,0,1,0,185.41,1162.8,119.73,South,large
ST038,19,0,1,0,183.21,1218.1,114.51,South,large
ST038,20,0,1,0,180.12,1194.6,124.06,South,large
ST038,21,0,1,0,183.3,1257.7,134.85,South,large
ST038,22,0,1,0,188.1,1259.8,128.34,South,large
ST038,23,0,1,0,188.81,1246.6,129.46,South,large
ST038,24,0,1,0,192.9,1290.7,126.56,South,large
ST039,1,0,0,0,145.2,873.1,60.69,East,medium
ST039,2,0,0,0,153.36,880.9,68.81,East,medium
ST039,3,0,0,0,158.74,948.2,67.02,East,medium
ST039,4,0,0,0,157.21,937.0,59.32,East,medium
ST039,5,0,0,0,153.26,898.1,65.33,East,medium
ST039,6,0,0,0,152.73,974.5,74.7,East,medium
ST039,7,0,0,0,149.82,943.0,79.9,East,medium
ST039,8,0,0,0,152.44,988.8,78.67,East,medium
ST039,9,0,0,0,154.27,954.0,81.8,East,medium
ST039,10,0,0,0,152.56,948.2,97.24,East,medium
ST039,11,0,0,0,156.79,1003.1,92.92,East,medium
ST039,12,0,0,0,162.07,1066.1,88.21,East,medium
ST039,13,0,1,0,162.91,1011.0,106.7,East,medium
ST039,14,0,1,0,172.2,1074.5,109.74,East,medium
ST039,15,0,1,0,173.56,1111.4,99.52,East,medium
ST039,16,0,1,0,176.09,1143.6,116.94,East,medium
ST039,17,0,1,0,174.29,1172.6,111.52,East,medium
ST039,18,0,1,0,174.59,1127.8,110.6,East,medium
ST039,19,0,1,0,173.96,1195.8,115.38,East,medium
ST039,20,0,1,0,172.29,1203.6,123.59,East,medium
ST039,21,0,1,0,173.47,1197.7,136.21,East,medium
ST039,22,0,1,0,178.5,1274.9,132.33,East,medium
ST039,23,0,1,0,177.72,1257.0,128.03,East,medium
ST039,24,0,1,0,182.95,1258.7,130.11,East,medium
ST040,1,0,0,0,141.12,843.0,62.97,West,small
ST040,2,0,0,0,141.46,855.3,72.52,West,small
ST040,3,0,0,0,143.02,810.7,67.01,West,small
ST040,4,0,0,0,142.67,891.9,68.22,West,small
ST040,5,0,0,0,141.16,844.3,74.87,West,small
ST040,6,0,0,0,146.32,974.3,77.09,West,small
ST040,7,0,0,0,146.08,954.2,83.53,West,small
ST040,8,0,0,0,139.14,962.1,82.76,West,small
ST040,9,0,0,0,145.02,976.8,88.63,West,small
ST040,10,0,0,0,148.23,976.0,88.2,West,small
ST040,11,0,0,0,150.89,1027.8,77.01,West,small
ST040,12,0,0,0,154.61,1048.4,98.22,West,small
ST040,13,0,1,0,156.65,1008.7,110.05,West,small
ST040,14,0,1,0,164.35,1049.0,102.43,West,small
ST040,15,0,1,0,163.15,1037.4,105.47,West,small
ST040,16,0,1,0,164.07,1065.8,102.01,West,small
ST040,17,0,1,0,165.11,1110.2,115.61,West,small
ST040,18,0,1,0,165.12,1132.5,115.91,West,small
ST040,19,0,1,0,163.42,1159.2,125.99,West,small
ST040,20,0,1,0,164.96,1162.5,125.89,West,small
ST040,21,0,1,0,163.89,1190.3,118.51,West,small
ST040,22,0,1,0,164.53,1176.2,132.48,West,small
ST040,23,0,1,0,170.92,1237.1,130.26,West,small
ST040,24,0,1,0,176.5,1242.7,141.87,West,small
ST041,1,0,0,0,138.53,802.8,56.81,North,medium
ST041,2,0,0,0,144.66,851.7,61.56,North,medium
ST041,3,0,0,0,146.58,856.9,65.15,North,medium
ST041,4,0,0,0,144.23,851.4,72.5,North,medium
ST041,5,0,0,0,147.87,876.8,73.3,North,medium
ST041,6,0,0,0,150.82,980.3,73.03,North,medium
ST041,7,0,0,0,141.59,906.1,64.64,North,medium
ST041,8,0,0,0,146.71,1008.5,78.88,North,medium
ST041,9,0,0,0,146.5,966.0,84.65,North,medium
ST041,10,0,0,0,149.07,993.6,88.61,North,medium
ST041,11,0,0,0,152.4,978.0,92.04,North,medium
ST041,12,0,0,0,152.8,1035.3,88.59,North,medium
ST041,13,0,1,0,162.39,1073.7,95.02,North,medium
ST041,14,0,1,0,165.7,1094.5,105.68,North,medium
ST041,15,0,1,0,167.29,1064.3,100.71,North,medium
ST041,16,0,1,0,166.84,1121.5,116.15,North,medium
ST041,17,0,1,0,164.87,1125.9,115.82,North,medium
ST041,18,0,1,0,165.88,1090.4,116.66,North,medium
ST041,19,0,1,0,168.56,1185.6,115.31,North,medium
ST041,20,0,1,0,166.65,1197.5,130.45,North,medium
ST041,21,0,1,0,169.48,1214.3,123.89,North,medium
ST041,22,0,1,0,168.21,1187.8,129.08,North,medium
ST041,23,0,1,0,176.96,1300.9,131.86,North,medium
ST041,24,0,1,0,179.4,1223.7,141.52,North,medium
ST042,1,0,0,0,137.98,787.6,67.26,South,small
ST042,2,0,0,0,139.0,856.4,55.31,South,small
ST042,3,0,0,0,139.21,820.3,62.89,South,small
ST042,4,0,0,0,142.62,856.6,74.74,South,small
ST042,5,0,0,0,145.54,911.8,62.56,South,small
ST042,6,0,0,0,144.53,881.7,80.13,South,small
ST042,7,0,0,0,146.09,983.8,78.69,South,small
ST042,8,0,0,0,147.83,968.7,83.73,South,small
ST042,9,0,0,0,139.57,950.7,76.06,South,small
ST042,10,0,0,0,146.38,972.9,82.58,South,small
ST042,11,0,0,0,148.8,982.3,84.73,South,small
ST042,12,0,0,0,153.9,996.9,90.43,South,small
ST042,13,0,1,0,162.0,1006.2,100.31,South,small
ST042,14,0,1,0,163.95,1086.8,102.6,South,small
ST042,15,0,1,0,161.06,1035.8,109.65,South,small
ST042,16,0,1,0,164.56,1081.8,115.5,South,small
ST042,17,0,1,0,166.54,1136.3,119.4,South,small
ST042,18,0,1,0,164.77,1115.8,121.74,South,small
ST042,19,0,1,0,168.41,1174.8,115.76,South,small
ST042,20,0,1,0,162.83,1158.4,120.14,South,small
ST042,21,0,1,0,165.39,1177.0,123.04,South,small
ST042,22,0,1,0,162.33,1167.2,126.66,South,small
ST042,23,0,1,0,169.28,1217.4,135.69,South,small
ST042,24,0,1,0,174.39,1205.3,135.89,South,small
ST043,1,0,0,0,136.03,828.8,58.97,East,small
ST043,2,0,0,0,137.22,849.1,57.9,East,small
ST043,3,0,0,0,145.46,840.1,69.72,East,small
ST043,4,0,0,0,145.02,846.6,67.14,East,small
ST043,5,0,0,0,142.86,895.2,71.17,East,small
ST043,6,0,0,0,136.82,886.0,74.05,East,small
ST043,7,0,0,0,145.56,922.9,75.07,East,small
ST043,8,0,0,0,141.19,990.7,80.98,East,small
ST043,9,0,0,0,141.45,935.6,82.01,East,small
ST043,10,0,0,0,146.47,1000.4,85.81,East,small
ST043,11,0,0,0,153.85,1037.7,88.03,East,small
ST043,12,0,0,0,153.72,1012.5,92.8,East,small
ST043,13,0,1,0,159.62,1105.6,100.0,East,small
ST043,14,0,1,0,160.77,1064.0,96.46,East,small
ST043,15,0,1,0,160.36,1044.9,106.31,East,small
ST043,16,0,1,0,164.29,1103.8,104.68,East,small
ST043,17,0,1,0,167.72,1195.2,122.57,East,small
ST043,18,0,1,0,161.72,1127.1,117.19,East,small
ST043,19,0,1,0,166.52,1186.6,122.08,East,small
ST043,20,0,1,0,166.37,1131.7,133.61,East,small
ST043,21,0,1,0,163.97,1162.2,121.03,East,small
ST043,22,0,1,0,168.66,1188.4,129.8,East,small
ST043,23,0,1,0,172.62,1183.4,130.54,East,small
ST043,24,0,1,0,175.19,1242.3,135.52,East,small
ST044,1,0,0,0,131.4,756.3,55.49,West,medium
ST044,2,0,0,0,138.81,799.9,63.25,West,medium
ST044,3,0,0,0,140.4,870.9,57.98,West,medium
ST044,4,0,0,0,140.15,847.4,62.46,West,medium
ST044,5,0,0,0,147.14,936.4,75.7,West,medium
ST044,6,0,0,0,133.36,835.1,64.4,West,medium
ST044,7,0,0,0,140.51,932.6,84.21,West,medium
ST044,8,0,0,0,138.34,926.2,80.81,West,medium
ST044,9,0,0,0,139.54,970.2,79.84,West,medium
ST044,10,0,0,0,142.8,988.9,83.64,West,medium
ST044,11,0,0,0,148.2,979.4,80.26,West,medium
ST044,12,0,0,0,151.28,1027.1,94.49,West,medium
ST044,13,0,1,0,159.26,1088.8,95.37,West,medium
ST044,14,0,1,0,156.98,1028.6,104.83,West,medium
ST044,15,0,1,0,160.07,1046.0,109.47,West,medium
ST044,16,0,1,0,160.39,1081.0,104.26,West,medium
ST044,17,0,1,0,167.74,1137.5,120.49,West,medium
ST044,18,0,1,0,163.02,1100.4,119.95,West,medium
ST044,19,0,1,0,163.08,1069.3,117.63,West,medium
ST044,20,0,1,0,159.78,1144.7,125.66,West,medium
ST044,21,0,1,0,162.54,1168.9,127.16,West,medium
ST044,22,0,1,0,164.64,1189.8,123.41,West,medium
ST044,23,0,1,0,172.56,1262.8,131.57,West,medium
ST044,24,0,1,0,176.37,1244.6,142.37,West,medium
ST045,1,0,0,0,140.75,845.5,53.15,North,medium
ST045,2,0,0,0,146.74,913.8,61.18,North,medium
ST045,3,0,0,0,147.16,855.9,60.56,North,medium
ST045,4,0,0,0,147.67,911.1,66.44,North,medium
ST045,5,0,0,0,150.32,858.9,74.52,North,medium
ST045,6,0,0,0,149.28,929.3,66.7,North,medium
ST045,7,0,0,0,148.48,932.1,84.91,North,medium
ST045,8,0,0,0,148.25,977.2,80.38,North,medium
ST045,9,0,0,0,148.86,989.8,75.47,North,medium
ST045,10,0,0,0,154.94,1031.5,89.75,North,medium
ST045,11,0,0,0,153.93,1022.9,95.01,North,medium
ST045,12,0,0,0,159.77,1046.9,94.29,North,medium
ST045,13,0,1,0,161.78,1058.9,110.7,North,medium
ST045,14,0,1,0,174.43,1158.4,108.71,North,medium
ST045,15,0,1,0,166.24,1067.4,95.72,North,medium
ST045,16,0,1,0,170.38,1088.6,106.43,North,medium
ST045,17,0,1,0,172.2,1111.2,114.11,North,medium
ST045,18,0,1,0,169.41,1144.6,108.43,North,medium
ST045,19,0,1,0,167.42,1149.1,116.19,North,medium
ST045,20,0,1,0,166.76,1179.7,121.59,North,medium
ST045,21,0,1,0,170.54,1145.4,131.22,North,medium
ST045,22,0,1,0,173.43,1245.3,128.97,North,medium
ST045,23,0,1,0,177.5,1261.6,131.99,North,medium
ST045,24,0,1,0,179.54,1253.3,132.16,North,medium
ST046,1,0,0,0,133.92,750.7,53.87,South,medium
ST046,2,0,0,0,145.47,808.6,67.58,South,medium
ST046,3,0,0,0,150.32,861.5,69.85,South,medium
ST046,4,0,0,0,148.31,898.0,65.15,South,medium
ST046,5,0,0,0,149.11,921.7,74.22,South,medium
ST046,6,0,0,0,146.74,909.3,78.5,South,medium
ST046,7,0,0,0,143.88,929.9,79.38,South,medium
ST046,8,0,0,0,150.09,998.5,82.22,South,medium
ST046,9,0,0,0,142.59,933.0,85.85,South,medium
ST046,10,0,0,0,149.72,966.3,89.18,South,medium
ST046,11,0,0,0,156.8,1060.0,82.09,South,medium
ST046,12,0,0,0,154.4,994.2,88.05,South,medium
ST046,13,0,1,0,160.97,1083.4,102.48,South,medium
ST046,14,0,1,0,166.86,1063.6,100.53,South,medium
ST046,15,0,1,0,167.21,1063.3,113.95,South,medium
ST046,16,0,1,0,170.32,1155.8,117.91,South,medium
ST046,17,0,1,0,172.7,1148.0,105.71,South,medium
ST046,18,0,1,0,165.58,1110.2,115.27,South,medium
ST046,19,0,1,0,169.98,1164.9,114.72,South,medium
ST046,20,0,1,0,163.81,1192.4,111.04,South,medium
ST046,21,0,1,0,170.49,1193.4,133.6,South,medium
ST046,22,0,1,0,172.23,1248.2,129.48,South,medium
ST046,23,0,1,0,177.63,1258.8,138.44,South,medium
ST046,24,0,1,0,175.82,1282.3,133.19,South,medium
ST047,1,0,0,0,127.19,819.6,50.08,East,small
ST047,2,0,0,0,126.94,744.2,61.09,East,small
ST047,3,0,0,0,130.97,807.7,54.9,East,small
ST047,4,0,0,0,133.1,834.8,74.85,East,small
ST047,5,0,0,0,128.4,781.6,73.47,East,small
ST047,6,0,0,0,131.84,896.5,71.76,East,small
ST047,7,0,0,0,129.13,912.2,74.55,East,small
ST047,8,0,0,0,130.32,959.9,76.18,East,small
ST047,9,0,0,0,132.33,925.2,82.31,East,small
ST047,10,0,0,0,138.36,933.0,85.45,East,small
ST047,11,0,0,0,141.43,990.7,80.97,East,small
ST047,12,0,0,0,144.64,996.6,93.93,East,small
ST047,13,0,1,0,147.63,975.5,98.0,East,small
ST047,14,0,1,0,154.59,1011.4,107.46,East,small
ST047,15,0,1,0,151.31,1017.9,105.69,East,small
ST047,16,0,1,0,150.83,1008.7,111.63,East,small
ST047,17,0,1,0,150.08,1062.5,107.98,East,small
ST047,18,0,1,0,154.99,1064.0,113.53,East,small
ST047,19,0,1,0,156.24,1146.9,124.75,East,small
ST047,20,0,1,0,152.97,1126.1,126.07,East,small
ST047,21,0,1,0,152.27,1120.1,117.24,East,small
ST047,22,0,1,0,160.57,1218.4,137.67,East,small
ST047,23,0,1,0,159.87,1199.4,123.43,East,small
ST047,24,0,1,0,163.15,1153.5,135.59,East,small
ST048,1,0,0,0,123.75,762.7,49.99,West,small
ST048,2,0,0,0,126.36,780.2,56.33,West,small
ST048,3,0,0,0,131.35,806.3,67.56,West,small
ST048,4,0,0,0,131.72,822.6,57.46,West,small
ST048,5,0,0,0,129.21,851.4,70.55,West,small
ST048,6,0,0,0,129.54,845.3,68.94,West,small
ST048,7,0,0,0,131.12,886.0,72.9,West,small
ST048,8,0,0,0,125.53,861.3,76.25,West,small
ST048,9,0,0,0,131.52,934.9,84.82,West,small
ST048,10,0,0,0,133.69,916.2,88.38,West,small
ST048,11,0,0,0,134.04,944.3,90.36,West,small
ST048,12,0,0,0,140.48,990.5,94.2,West,small
ST048,13,0,1,0,147.45,983.1,103.34,West,small
ST048,14,0,1,0,150.16,1022.2,109.23,West,small
ST048,15,0,1,0,153.02,996.1,106.33,West,small
ST048,16,0,1,0,152.84,1071.2,106.95,West,small
ST048,17,0,1,0,152.39,1093.3,107.89,West,small
ST048,18,0,1,0,153.86,1127.4,118.57,West,small
ST048,19,0,1,0,152.87,1112.9,119.96,West,small
ST048,20,0,1,0,150.13,1092.5,119.78,West,small
ST048,21,0,1,0,151.65,1112.8,121.97,West,small
ST048,22,0,1,0,153.48,1195.8,118.14,West,small
ST048,23,0,1,0,158.51,1143.8,126.88,West,small
ST048,24,0,1,0,161.96,1194.7,134.45,West,small
ST049,1,0,0,0,131.76,785.1,52.28,North,medium
ST049,2,0,0,0,136.5,802.4,60.42,North,medium
ST049,3,0,0,0,137.63,851.8,52.09,North,medium
ST049,4,0,0,0,142.72,892.3,67.79,North,medium
ST049,5,0,0,0,145.76,928.5,67.48,North,medium
ST049,6,0,0,0,143.61,927.5,76.1,North,medium
ST049,7,0,0,0,142.22,915.1,77.36,North,medium
ST049,8,0,0,0,141.15,956.0,85.89,North,medium
ST049,9,0,0,0,140.44,960.5,75.33,North,medium
ST049,10,0,0,0,142.64,973.6,77.16,North,medium
ST049,11,0,0,0,147.91,1025.0,95.9,North,medium
ST049,12,0,0,0,152.68,979.9,94.8,North,medium
ST049,13,0,1,0,153.58,1079.9,106.25,North,medium
ST049,14,0,1,0,159.33,1033.8,106.44,North,medium
ST049,15,0,1,0,164.5,1099.3,107.34,North,medium
ST049,16,0,1,0,167.54,1120.3,111.48,North,medium
ST049,17,0,1,0,161.49,1037.2,111.52,North,medium
ST049,18,0,1,0,161.05,1078.5,117.92,North,medium
ST049,19,0,1,0,160.46,1138.2,118.56,North,medium
ST049,20,0,1,0,158.08,1147.1,128.17,North,medium
ST049,21,0,1,0,163.79,1170.6,131.01,North,medium
ST049,22,0,1,0,168.25,1175.4,127.51,North,medium
ST049,23,0,1,0,165.8,1147.7,133.44,North,medium
ST049,24,0,1,0,174.52,1195.8,126.36,North,medium
ST050,1,0,0,0,147.71,840.4,57.77,South,large
ST050,2,0,0,0,152.54,883.7,63.27,South,large
ST050,3,0,0,0,157.2,863.7,69.33,South,large
ST050,4,0,0,0,156.95,967.7,72.21,South,large
ST050,5,0,0,0,153.4,911.0,66.28,South,large
ST050,6,0,0,0,155.04,912.8,77.49,South,large
ST050,7,0,0,0,156.57,971.1,76.56,South,large
ST050,8,0,0,0,156.05,986.2,79.89,South,large
ST050,9,0,0,0,154.54,1017.7,91.78,South,large
ST050,10,0,0,0,155.33,992.2,88.55,South,large
ST050,11,0,0,0,162.69,1007.3,88.63,South,large
ST050,12,0,0,0,162.26,1019.6,90.25,South,large
ST050,13,0,1,0,169.99,1034.2,103.89,South,large
ST050,14,0,1,0,174.98,1069.3,106.08,South,large
ST050,15,0,1,0,178.43,1126.6,101.89,South,large
ST050,16,0,1,0,174.52,1109.5,114.0,South,large
ST050,17,0,1,0,178.09,1171.4,119.76,South,large
ST050,18,0,1,0,174.51,1188.3,114.02,South,large
ST050,19,0,1,0,180.46,1244.9,128.63,South,large
ST050,20,0,1,0,175.61,1173.0,133.5,South,large
ST050,21,0,1,0,178.01,1236.7,126.88,South,large
ST050,22,0,1,0,181.01,1253.1,123.96,South,large
ST050,23,0,1,0,186.78,1257.8,132.29,South,large
ST050,24,0,1,0,186.93,1260.1,137.22,South,large
ST051,1,0,0,0,151.18,863.5,66.32,East,large
ST051,2,0,0,0,155.69,940.5,60.6,East,large
ST051,3,0,0,0,157.07,866.1,58.01,East,large
ST051,4,0,0,0,159.06,906.4,68.28,East,large
ST051,5,0,0,0,159.07,940.1,73.69,East,large
ST051,6,0,0,0,157.27,969.0,77.31,East,large
ST051,7,0,0,0,159.2,966.6,78.75,East,large
ST051,8,0,0,0,162.66,1005.2,83.43,East,large
ST051,9,0,0,0,158.73,1020.0,89.65,East,large
ST051,10,0,0,0,159.77,1011.3,86.7,East,large
ST051,11,0,0,0,163.18,1084.9,90.46,East,large
ST051,12,0,0,0,169.07,1093.7,86.19,East,large
ST051,13,0,1,0,173.55,1088.5,102.58,East,large
ST051,14,0,1,0,174.24,1086.8,107.37,East,large
ST051,15,0,1,0,185.75,1143.9,110.26,East,large
ST051,16,0,1,0,179.72,1117.2,114.63,East,large
ST051,17,0,1,0,181.06,1187.4,114.71,East,large
ST051,18,0,1,0,183.11,1214.1,128.99,East,large
ST051,19,0,1,0,180.07,1178.6,115.11,East,large
ST051,20,0,1,0,176.25,1206.3,125.82,East,large
ST051,21,0,1,0,176.51,1228.7,127.83,East,large
ST051,22,0,1,0,184.66,1292.1,133.95,East,large
ST051,23,0,1,0,181.37,1252.5,130.82,East,large
ST051,24,0,1,0,186.66,1244.3,133.9,East,large
ST052,1,0,0,0,147.21,868.1,54.01,West,medium
ST052,2,0,0,0,147.97,886.4,53.29,West,medium
ST052,3,0,0,0,150.31,886.7,75.57,West,medium
ST052,4,0,0,0,151.49,876.3,62.14,West,medium
ST052,5,0,0,0,149.3,890.4,71.63,West,medium
ST052,6,0,0,0,143.28,889.4,72.61,West,medium
ST052,7,0,0,0,150.45,984.4,74.59,West,medium
ST052,8,0,0,0,142.95,889.4,68.88,West,medium
ST052,9,0,0,0,155.38,994.3,86.93,West,medium
ST052,10,0,0,0,146.66,967.0,81.62,West,medium
ST052,11,0,0,0,152.09,989.5,86.34,West,medium
ST052,12,0,0,0,159.01,993.5,92.63,West,medium
ST052,13,0,1,0,163.44,1051.4,95.57,West,medium
ST052,14,0,1,0,168.99,1076.1,109.15,West,medium
ST052,15,0,1,0,172.65,1099.7,114.49,West,medium
ST052,16,0,1,0,170.35,1065.2,108.01,West,medium
ST052,17,0,1,0,170.82,1140.1,114.7,West,medium
ST052,18,0,1,0,171.53,1132.2,118.63,West,medium
ST052,19,0,1,0,170.86,1128.8,116.22,West,medium
ST052,20,0,1,0,176.77,1242.9,115.27,West,medium
ST052,21,0,1,0,171.6,1191.1,124.48,West,medium
ST052,22,0,1,0,169.9,1189.4,124.84,West,medium
ST052,23,0,1,0,176.48,1195.5,130.34,West,medium
ST052,24,0,1,0,180.8,1238.0,143.13,West,medium
ST053,1,0,0,0,121.79,794.7,51.45,North,small
ST053,2,0,0,0,128.73,800.6,69.8,North,small
ST053,3,0,0,0,132.84,832.3,57.42,North,small
ST053,4,0,0,0,129.76,823.2,69.54,North,small
ST053,5,0,0,0,130.55,865.9,68.11,North,small
ST053,6,0,0,0,129.87,865.1,79.47,North,small
ST053,7,0,0,0,127.66,858.5,80.2,North,small
ST053,8,0,0,0,124.93,891.1,69.55,North,small
ST053,9,0,0,0,132.29,993.6,84.45,North,small
ST053,10,0,0,0,135.12,967.0,81.1,North,small
ST053,11,0,0,0,135.8,968.2,83.88,North,small
ST053,12,0,0,0,137.09,971.4,95.7,North,small
ST053,13,0,1,0,145.07,1004.2,100.51,North,small
ST053,14,0,1,0,148.61,1027.2,112.76,North,small
ST053,15,0,1,0,155.94,1076.3,114.38,North,small
ST053,16,0,1,0,150.05,1013.0,106.58,North,small
ST053,17,0,1,0,151.59,1100.2,109.23,North,small
ST053,18,0,1,0,154.46,1064.2,117.06,North,small
ST053,19,0,1,0,148.77,1111.0,119.09,North,small
ST053,20,0,1,0,154.18,1187.2,125.62,North,small
ST053,21,0,1,0,151.19,1130.6,122.61,North,small
ST053,22,0,1,0,150.9,1162.2,130.85,North,small
ST053,23,0,1,0,156.53,1207.1,132.16,North,small
ST053,24,0,1,0,165.23,1219.6,138.14,North,small
ST054,1,0,0,0,137.39,754.3,56.14,South,small
ST054,2,0,0,0,137.27,793.2,64.98,South,small
ST054,3,0,0,0,148.56,886.4,69.66,South,small
ST054,4,0,0,0,146.42,854.7,65.83,South,small
ST054,5,0,0,0,146.0,944.1,66.85,South,small
ST054,6,0,0,0,144.47,921.3,69.96,South,small
ST054,7,0,0,0,145.59,960.0,82.02,South,small
ST054,8,0,0,0,145.75,1001.5,81.17,South,small
ST054,9,0,0,0,147.97,991.7,86.21,South,small
ST054,10,0,0,0,145.66,989.7,78.41,South,small
ST054,11,0,0,0,148.14,1038.1,93.96,South,small
ST054,12,0,0,0,153.29,1060.0,89.39,South,small
ST054,13,0,1,0,159.08,1110.1,103.71,South,small
ST054,14,0,1,0,165.77,1070.6,116.19,South,small
ST054,15,0,1,0,165.81,1076.5,104.08,South,small
ST054,16,0,1,0,164.16,1076.1,107.26,South,small
ST054,17,0,1,0,167.94,1130.6,113.36,South,small
ST054,18,0,1,0,164.17,1143.4,120.84,South,small
ST054,19,0,1,0,161.34,1113.8,121.25,South,small
ST054,20,0,1,0,164.9,1189.1,122.22,South,small
ST054,21,0,1,0,168.72,1234.6,126.0,South,small
ST054,22,0,1,0,167.15,1215.5,128.81,South,small
ST054,23,0,1,0,169.41,1196.6,130.18,South,small
ST054,24,0,1,0,176.17,1239.3,139.46,South,small
ST055,1,0,0,0,148.31,857.2,55.2,East,large
ST055,2,0,0,0,152.06,879.1,53.21,East,large
ST055,3,0,0,0,152.65,876.8,60.35,East,large
ST055,4,0,0,0,154.3,834.8,68.37,East,large
ST055,5,0,0,0,158.52,972.5,68.56,East,large
ST055,6,0,0,0,149.79,880.7,74.4,East,large
ST055,7,0,0,0,155.77,944.8,80.45,East,large
ST055,8,0,0,0,152.17,957.1,84.7,East,large
ST055,9,0,0,0,153.83,993.6,81.19,East,large
ST055,10,0,0,0,159.39,1054.8,89.76,East,large
ST055,11,0,0,0,162.62,1026.6,86.75,East,large
ST055,12,0,0,0,167.29,1077.3,99.43,East,large
ST055,13,0,1,0,169.75,1105.1,103.33,East,large
ST055,14,0,1,0,176.37,1105.1,94.62,East,large
ST055,15,0,1,0,178.98,1167.1,104.46,East,large
ST055,16,0,1,0,181.19,1146.3,112.09,East,large
ST055,17,0,1,0,176.39,1153.4,114.77,East,large
ST055,18,0,1,0,174.53,1183.8,117.51,East,large
ST055,19,0,1,0,169.18,1126.1,117.57,East,large
ST055,20,0,1,0,174.15,1261.4,121.0,East,large
ST055,21,0,1,0,178.19,1247.5,130.59,East,large
ST055,22,0,1,0,176.15,1193.6,134.66,East,large
ST055,23,0,1,0,180.56,1213.8,119.49,East,large
ST055,24,0,1,0,186.14,1235.5,135.8,East,large
ST056,1,0,0,0,130.15,802.1,56.84,West,small
ST056,2,0,0,0,138.48,859.7,52.87,West,small
ST056,3,0,0,0,143.43,904.1,62.79,West,small
ST056,4,0,0,0,141.16,846.5,65.11,West,small
ST056,5,0,0,0,140.52,875.3,65.46,West,small
ST056,6,0,0,0,146.74,954.4,71.58,West,small
ST056,7,0,0,0,141.15,928.1,75.55,West,small
ST056,8,0,0,0,144.74,960.5,80.32,West,small
ST056,9,0,0,0,144.38,960.5,88.73,West,small
ST056,10,0,0,0,140.42,937.9,84.95,West,small
ST056,11,0,0,0,146.66,994.9,76.36,West,small
ST056,12,0,0,0,150.68,1040.7,95.07,West,small
ST056,13,0,1,0,159.32,1052.2,102.35,West,small
ST056,14,0,1,0,161.49,1068.6,108.4,West,small
ST056,15,0,1,0,158.33,1062.3,111.27,West,small
ST056,16,0,1,0,164.87,1005.9,116.28,West,small
ST056,17,0,1,0,163.95,1155.3,116.29,West,small
ST056,18,0,1,0,162.31,1110.4,119.29,West,small
ST056,19,0,1,0,164.68,1149.0,121.09,West,small
ST056,20,0,1,0,163.61,1160.5,129.0,West,small
ST056,21,0,1,0,161.45,1175.6,126.21,West,small
ST056,22,0,1,0,165.26,1175.6,128.4,West,small
ST056,23,0,1,0,166.19,1204.6,125.97,West,small
ST056,24,0,1,0,172.13,1196.5,134.43,West,small
ST057,1,0,0,0,147.72,879.3,54.97,North,medium
ST057,2,0,0,0,146.66,845.8,47.78,North,medium
ST057,3,0,0,0,149.59,870.5,61.34,North,medium
ST057,4,0,0,0,149.94,873.6,66.17,North,medium
ST057,5,0,0,0,153.59,934.5,77.77,North,medium
ST057,6,0,0,0,150.22,924.0,78.25,North,medium
ST057,7,0,0,0,154.11,963.2,74.09,North,medium
ST057,8,0,0,0,147.37,886.9,82.83,North,medium
ST057,9,0,0,0,151.55,976.9,88.75,North,medium
ST057,10,0,0,0,152.12,990.5,84.46,North,medium
ST057,11,0,0,0,159.0,1072.8,85.86,North,medium
ST057,12,0,0,0,163.34,1059.0,97.26,North,medium
ST057,13,0,1,0,167.54,1061.4,106.71,North,medium
ST057,14,0,1,0,167.86,1091.1,105.82,North,medium
ST057,15,0,1,0,172.25,1092.3,105.87,North,medium
ST057,16,0,1,0,174.59,1097.1,112.11,North,medium
ST057,17,0,1,0,172.13,1147.1,116.78,North,medium
ST057,18,0,1,0,173.56,1168.6,124.17,North,medium
ST057,19,0,1,0,172.87,1177.6,128.88,North,medium
ST057,20,0,1,0,170.79,1201.6,114.3,North,medium
ST057,21,0,1,0,171.42,1147.9,118.9,North,medium
ST057,22,0,1,0,177.8,1252.5,129.51,North,medium
ST057,23,0,1,0,181.83,1275.1,131.18,North,medium
ST057,24,0,1,0,184.17,1238.4,136.44,North,medium
ST058,1,0,0,0,144.71,823.5,52.2,South,medium
ST058,2,0,0,0,152.68,876.7,65.97,South,medium
ST058,3,0,0,0,151.42,824.7,72.26,South,medium
ST058,4,0,0,0,149.51,831.9,70.62,South,medium
ST058,5,0,0,0,157.98,1003.3,78.04,South,medium
ST058,6,0,0,0,152.86,917.9,79.57,South,medium
ST058,7,0,0,0,151.54,920.5,79.2,South,medium
ST058,8,0,0,0,151.9,996.6,75.01,South,medium
ST058,9,0,0,0,151.84,955.1,75.24,South,medium
ST058,10,0,0,0,151.3,993.8,92.39,South,medium
ST058,11,0,0,0,158.15,1003.3,84.55,South,medium
ST058,12,0,0,0,159.89,1069.4,86.36,South,medium
ST058,13,0,1,0,169.67,1035.9,110.66,South,medium
ST058,14,0,1,0,173.38,1116.3,106.14,South,medium
ST058,15,0,1,0,172.2,1094.3,112.64,South,medium
ST058,16,0,1,0,175.27,1139.1,120.16,South,medium
ST058,17,0,1,0,179.81,1190.8,112.0,South,medium
ST058,18,0,1,0,172.59,1186.9,114.36,South,medium
ST058,19,0,1,0,173.83,1183.3,120.28,South,medium
ST058,20,0,1,0,170.37,1222.6,129.17,South,medium
ST058,21,0,1,0,171.68,1215.9,119.72,South,medium
ST058,22,0,1,0,181.15,1266.3,130.39,South,medium
ST058,23,0,1,0,183.1,1273.1,134.36,South,medium
ST058,24,0,1,0,186.11,1279.7,134.51,South,medium
ST059,1,0,0,0,158.4,876.3,61.8,East,large
ST059,2,0,0,0,162.17,910.2,66.74,East,large
ST059,3,0,0,0,165.94,944.4,57.51,East,large
ST059,4,0,0,0,168.08,930.5,59.92,East,large
ST059,5,0,0,0,163.27,955.8,65.63,East,large
ST059,6,0,0,0,161.66,981.6,69.5,East,large
ST059,7,0,0,0,163.25,1015.3,84.16,East,large
ST059,8,0,0,0,164.44,1053.8,74.55,East,large
ST059,9,0,0,0,162.57,1039.6,79.64,East,large
ST059,10,0,0,0,166.23,1116.3,81.83,East,large
ST059,11,0,0,0,172.56,1091.6,91.64,East,large
ST059,12,0,0,0,178.7,1099.6,93.55,East,large
ST059,13,0,1,0,177.33,1088.0,96.14,East,large
ST059,14,0,1,0,184.4,1105.3,108.83,East,large
ST059,15,0,1,0,183.8,1144.2,100.16,East,large
ST059,16,0,1,0,188.83,1158.2,116.11,East,large
ST059,17,0,1,0,184.46,1197.6,115.32,East,large
ST059,18,0,1,0,182.1,1150.4,121.64,East,large
ST059,19,0,1,0,181.08,1192.2,125.39,East,large
ST059,20,0,1,0,182.45,1270.0,131.02,East,large
ST059,21,0,1,0,185.37,1261.0,124.01,East,large
ST059,22,0,1,0,190.08,1258.9,134.91,East,large
ST059,23,0,1,0,189.93,1288.6,136.06,East,large
ST059,24,0,1,0,193.18,1325.3,130.79,East,large
ST060,1,0,0,0,160.6,914.9,51.87,West,large
ST060,2,0,0,0,164.69,901.5,61.3,West,large
ST060,3,0,0,0,166.73,908.7,70.96,West,large
ST060,4,0,0,0,170.47,963.7,71.07,West,large
ST060,5,0,0,0,171.45,988.3,65.29,West,large
ST060,6,0,0,0,168.83,1018.8,71.07,West,large
ST060,7,0,0,0,171.31,1023.3,75.5,West,large
ST060,8,0,0,0,168.35,1068.3,87.28,West,large
ST060,9,0,0,0,170.79,1059.9,87.57,West,large
ST060,10,0,0,0,169.45,1016.7,88.52,West,large
ST060,11,0,0,0,175.5,1071.4,83.2,West,large
ST060,12,0,0,0,181.73,1076.8,102.86,West,large
ST060,13,0,1,0,185.07,1151.1,98.1,West,large
ST060,14,0,1,0,187.14,1151.7,109.97,West,large
ST060,15,0,1,0,185.35,1137.9,101.87,West,large
ST060,16,0,1,0,191.2,1192.4,108.85,West,large
ST060,17,0,1,0,191.32,1254.0,108.25,West,large
ST060,18,0,1,0,192.6,1191.2,120.68,West,large
ST060,19,0,1,0,184.92,1187.5,123.79,West,large
ST060,20,0,1,0,188.65,1227.5,126.53,West,large
ST060,21,0,1,0,192.12,1322.4,123.46,West,large
ST060,22,0,1,0,192.38,1259.8,132.28,West,large
ST060,23,0,1,0,192.99,1292.2,132.34,West,large
ST060,24,0,1,0,198.06,1312.1,136.73,West,large
