scenario,unit_id,time,relative_time,treated,post,did,outcome
valid_parallel,VAL_0_01,-4,-4,0,0,0,44.88
valid_parallel,VAL_0_01,-3,-3,0,0,0,45.01
valid_parallel,VAL_0_01,-2,-2,0,0,0,45.63
valid_parallel,VAL_0_01,-1,-1,0,0,0,46.29
valid_parallel,VAL_0_01,0,0,0,1,0,48.32
valid_parallel,VAL_0_01,1,1,0,1,0,49.08
valid_parallel,VAL_0_01,2,2,0,1,0,50.91
valid_parallel,VAL_0_01,3,3,0,1,0,53.44
valid_parallel,VAL_0_01,4,4,0,1,0,53.36
valid_parallel,VAL_0_02,-4,-4,0,0,0,43.68
valid_parallel,VAL_0_02,-3,-3,0,0,0,46.8
valid_parallel,VAL_0_02,-2,-2,0,0,0,47.13
valid_parallel,VAL_0_02,-1,-1,0,0,0,45.82
valid_parallel,VAL_0_02,0,0,0,1,0,49.54
valid_parallel,VAL_0_02,1,1,0,1,0,52.07
valid_parallel,VAL_0_02,2,2,0,1,0,50.94
valid_parallel,VAL_0_02,3,3,0,1,0,53.44
valid_parallel,VAL_0_02,4,4,0,1,0,54.31
valid_parallel,VAL_0_03,-4,-4,0,0,0,46.78
valid_parallel,VAL_0_03,-3,-3,0,0,0,46.43
valid_parallel,VAL_0_03,-2,-2,0,0,0,49.99
valid_parallel,VAL_0_03,-1,-1,0,0,0,50.85
valid_parallel,VAL_0_03,0,0,0,1,0,50.3
valid_parallel,VAL_0_03,1,1,0,1,0,52.36
valid_parallel,VAL_0_03,2,2,0,1,0,56.42
valid_parallel,VAL_0_03,3,3,0,1,0,57.85
valid_parallel,VAL_0_03,4,4,0,1,0,55.98
valid_parallel,VAL_0_04,-4,-4,0,0,0,46.81
valid_parallel,VAL_0_04,-3,-3,0,0,0,48.27
valid_parallel,VAL_0_04,-2,-2,0,0,0,47.67
valid_parallel,VAL_0_04,-1,-1,0,0,0,50.67
valid_parallel,VAL_0_04,0,0,0,1,0,51.21
valid_parallel,VAL_0_04,1,1,0,1,0,54.7
valid_parallel,VAL_0_04,2,2,0,1,0,53.13
valid_parallel,VAL_0_04,3,3,0,1,0,55.14
valid_parallel,VAL_0_04,4,4,0,1,0,54.85
valid_parallel,VAL_0_05,-4,-4,0,0,0,44.87
valid_parallel,VAL_0_05,-3,-3,0,0,0,44.95
valid_parallel,VAL_0_05,-2,-2,0,0,0,44.69
valid_parallel,VAL_0_05,-1,-1,0,0,0,47.87
valid_parallel,VAL_0_05,0,0,0,1,0,48.49
valid_parallel,VAL_0_05,1,1,0,1,0,49.45
valid_parallel,VAL_0_05,2,2,0,1,0,51.79
valid_parallel,VAL_0_05,3,3,0,1,0,52.76
valid_parallel,VAL_0_05,4,4,0,1,0,54.95
valid_parallel,VAL_0_06,-4,-4,0,0,0,43.03
valid_parallel,VAL_0_06,-3,-3,0,0,0,44.94
valid_parallel,VAL_0_06,-2,-2,0,0,0,44.84
valid_parallel,VAL_0_06,-1,-1,0,0,0,47.63
valid_parallel,VAL_0_06,0,0,0,1,0,50.09
valid_parallel,VAL_0_06,1,1,0,1,0,50.23
valid_parallel,VAL_0_06,2,2,0,1,0,51.55
valid_parallel,VAL_0_06,3,3,0,1,0,52.05
valid_parallel,VAL_0_06,4,4,0,1,0,55.18
valid_parallel,VAL_0_07,-4,-4,0,0,0,42.25
valid_parallel,VAL_0_07,-3,-3,0,0,0,42.46
valid_parallel,VAL_0_07,-2,-2,0,0,0,45.13
valid_parallel,VAL_0_07,-1,-1,0,0,0,45.11
valid_parallel,VAL_0_07,0,0,0,1,0,45.2
valid_parallel,VAL_0_07,1,1,0,1,0,48.59
valid_parallel,VAL_0_07,2,2,0,1,0,49.73
valid_parallel,VAL_0_07,3,3,0,1,0,50.91
valid_parallel,VAL_0_07,4,4,0,1,0,52.95
valid_parallel,VAL_0_08,-4,-4,0,0,0,49.07
valid_parallel,VAL_0_08,-3,-3,0,0,0,49.71
valid_parallel,VAL_0_08,-2,-2,0,0,0,50.29
valid_parallel,VAL_0_08,-1,-1,0,0,0,50.27
valid_parallel,VAL_0_08,0,0,0,1,0,53.23
valid_parallel,VAL_0_08,1,1,0,1,0,54.14
valid_parallel,VAL_0_08,2,2,0,1,0,54.9
valid_parallel,VAL_0_08,3,3,0,1,0,57.36
valid_parallel,VAL_0_08,4,4,0,1,0,59.36
valid_parallel,VAL_0_09,-4,-4,0,0,0,45.59
valid_parallel,VAL_0_09,-3,-3,0,0,0,43.88
valid_parallel,VAL_0_09,-2,-2,0,0,0,45.5
valid_parallel,VAL_0_09,-1,-1,0,0,0,48.82
valid_parallel,VAL_0_09,0,0,0,1,0,47.22
valid_parallel,VAL_0_09,1,1,0,1,0,49.29
valid_parallel,VAL_0_09,2,2,0,1,0,51.58
valid_parallel,VAL_0_09,3,3,0,1,0,51.71
valid_parallel,VAL_0_09,4,4,0,1,0,56.12
valid_parallel,VAL_0_10,-4,-4,0,0,0,46.18
valid_parallel,VAL_0_10,-3,-3,0,0,0,48.1
valid_parallel,VAL_0_10,-2,-2,0,0,0,48.63
valid_parallel,VAL_0_10,-1,-1,0,0,0,50.96
valid_parallel,VAL_0_10,0,0,0,1,0,48.98
valid_parallel,VAL_0_10,1,1,0,1,0,53.2
valid_parallel,VAL_0_10,2,2,0,1,0,54.34
valid_parallel,VAL_0_10,3,3,0,1,0,56.49
valid_parallel,VAL_0_10,4,4,0,1,0,58.53
valid_parallel,VAL_0_11,-4,-4,0,0,0,43.82
valid_parallel,VAL_0_11,-3,-3,0,0,0,43.22
valid_parallel,VAL_0_11,-2,-2,0,0,0,45.39
valid_parallel,VAL_0_11,-1,-1,0,0,0,47.51
valid_parallel,VAL_0_11,0,0,0,1,0,48.56
valid_parallel,VAL_0_11,1,1,0,1,0,51.26
valid_parallel,VAL_0_11,2,2,0,1,0,51.49
valid_parallel,VAL_0_11,3,3,0,1,0,52.9
valid_parallel,VAL_0_11,4,4,0,1,0,54.26
valid_parallel,VAL_0_12,-4,-4,0,0,0,38.44
valid_parallel,VAL_0_12,-3,-3,0,0,0,41.87
valid_parallel,VAL_0_12,-2,-2,0,0,0,42.12
valid_parallel,VAL_0_12,-1,-1,0,0,0,42.89
valid_parallel,VAL_0_12,0,0,0,1,0,44.83
valid_parallel,VAL_0_12,1,1,0,1,0,45.91
valid_parallel,VAL_0_12,2,2,0,1,0,47.49
valid_parallel,VAL_0_12,3,3,0,1,0,49.36
valid_parallel,VAL_0_12,4,4,0,1,0,51.23
valid_parallel,VAL_0_13,-4,-4,0,0,0,42.6
valid_parallel,VAL_0_13,-3,-3,0,0,0,44.29
valid_parallel,VAL_0_13,-2,-2,0,0,0,46.92
valid_parallel,VAL_0_13,-1,-1,0,0,0,48.23
valid_parallel,VAL_0_13,0,0,0,1,0,49.1
valid_parallel,VAL_0_13,1,1,0,1,0,51.58
valid_parallel,VAL_0_13,2,2,0,1,0,53.44
valid_parallel,VAL_0_13,3,3,0,1,0,54.04
valid_parallel,VAL_0_13,4,4,0,1,0,55.02
valid_parallel,VAL_0_14,-4,-4,0,0,0,43.59
valid_parallel,VAL_0_14,-3,-3,0,0,0,47.42
valid_parallel,VAL_0_14,-2,-2,0,0,0,45.57
valid_parallel,VAL_0_14,-1,-1,0,0,0,50.72
valid_parallel,VAL_0_14,0,0,0,1,0,49.21
valid_parallel,VAL_0_14,1,1,0,1,0,52.64
valid_parallel,VAL_0_14,2,2,0,1,0,53.86
valid_parallel,VAL_0_14,3,3,0,1,0,55.01
valid_parallel,VAL_0_14,4,4,0,1,0,55.48
valid_parallel,VAL_0_15,-4,-4,0,0,0,47.26
valid_parallel,VAL_0_15,-3,-3,0,0,0,48.11
valid_parallel,VAL_0_15,-2,-2,0,0,0,52.49
valid_parallel,VAL_0_15,-1,-1,0,0,0,52.0
valid_parallel,VAL_0_15,0,0,0,1,0,53.99
valid_parallel,VAL_0_15,1,1,0,1,0,55.85
valid_parallel,VAL_0_15,2,2,0,1,0,56.23
valid_parallel,VAL_0_15,3,3,0,1,0,57.23
valid_parallel,VAL_0_15,4,4,0,1,0,58.88
valid_parallel,VAL_0_16,-4,-4,0,0,0,46.26
valid_parallel,VAL_0_16,-3,-3,0,0,0,45.84
valid_parallel,VAL_0_16,-2,-2,0,0,0,47.34
valid_parallel,VAL_0_16,-1,-1,0,0,0,50.51
valid_parallel,VAL_0_16,0,0,0,1,0,51.25
valid_parallel,VAL_0_16,1,1,0,1,0,52.1
valid_parallel,VAL_0_16,2,2,0,1,0,52.68
valid_parallel,VAL_0_16,3,3,0,1,0,54.2
valid_parallel,VAL_0_16,4,4,0,1,0,55.3
valid_parallel,VAL_0_17,-4,-4,0,0,0,44.52
valid_parallel,VAL_0_17,-3,-3,0,0,0,45.74
valid_parallel,VAL_0_17,-2,-2,0,0,0,47.05
valid_parallel,VAL_0_17,-1,-1,0,0,0,47.76
valid_parallel,VAL_0_17,0,0,0,1,0,49.27
valid_parallel,VAL_0_17,1,1,0,1,0,51.13
valid_parallel,VAL_0_17,2,2,0,1,0,55.88
valid_parallel,VAL_0_17,3,3,0,1,0,55.21
valid_parallel,VAL_0_17,4,4,0,1,0,56.81
valid_parallel,VAL_0_18,-4,-4,0,0,0,44.52
valid_parallel,VAL_0_18,-3,-3,0,0,0,45.97
valid_parallel,VAL_0_18,-2,-2,0,0,0,47.68
valid_parallel,VAL_0_18,-1,-1,0,0,0,48.69
valid_parallel,VAL_0_18,0,0,0,1,0,50.13
valid_parallel,VAL_0_18,1,1,0,1,0,53.05
valid_parallel,VAL_0_18,2,2,0,1,0,53.52
valid_parallel,VAL_0_18,3,3,0,1,0,53.93
valid_parallel,VAL_0_18,4,4,0,1,0,57.05
valid_parallel,VAL_1_01,-4,-4,1,0,0,48.39
valid_parallel,VAL_1_01,-3,-3,1,0,0,51.11
valid_parallel,VAL_1_01,-2,-2,1,0,0,51.97
valid_parallel,VAL_1_01,-1,-1,1,0,0,52.64
valid_parallel,VAL_1_01,0,0,1,1,1,55.97
valid_parallel,VAL_1_01,1,1,1,1,1,57.15
valid_parallel,VAL_1_01,2,2,1,1,1,61.37
valid_parallel,VAL_1_01,3,3,1,1,1,61.9
valid_parallel,VAL_1_01,4,4,1,1,1,64.57
valid_parallel,VAL_1_02,-4,-4,1,0,0,46.12
valid_parallel,VAL_1_02,-3,-3,1,0,0,48.52
valid_parallel,VAL_1_02,-2,-2,1,0,0,50.35
valid_parallel,VAL_1_02,-1,-1,1,0,0,51.61
valid_parallel,VAL_1_02,0,0,1,1,1,55.48
valid_parallel,VAL_1_02,1,1,1,1,1,54.97
valid_parallel,VAL_1_02,2,2,1,1,1,58.59
valid_parallel,VAL_1_02,3,3,1,1,1,57.72
valid_parallel,VAL_1_02,4,4,1,1,1,61.54
valid_parallel,VAL_1_03,-4,-4,1,0,0,48.12
valid_parallel,VAL_1_03,-3,-3,1,0,0,49.54
valid_parallel,VAL_1_03,-2,-2,1,0,0,51.65
valid_parallel,VAL_1_03,-1,-1,1,0,0,53.24
valid_parallel,VAL_1_03,0,0,1,1,1,53.87
valid_parallel,VAL_1_03,1,1,1,1,1,58.74
valid_parallel,VAL_1_03,2,2,1,1,1,58.11
valid_parallel,VAL_1_03,3,3,1,1,1,61.78
valid_parallel,VAL_1_03,4,4,1,1,1,63.13
valid_parallel,VAL_1_04,-4,-4,1,0,0,48.83
valid_parallel,VAL_1_04,-3,-3,1,0,0,51.51
valid_parallel,VAL_1_04,-2,-2,1,0,0,51.45
valid_parallel,VAL_1_04,-1,-1,1,0,0,54.46
valid_parallel,VAL_1_04,0,0,1,1,1,56.98
valid_parallel,VAL_1_04,1,1,1,1,1,58.77
valid_parallel,VAL_1_04,2,2,1,1,1,61.15
valid_parallel,VAL_1_04,3,3,1,1,1,63.49
valid_parallel,VAL_1_04,4,4,1,1,1,66.14
valid_parallel,VAL_1_05,-4,-4,1,0,0,51.03
valid_parallel,VAL_1_05,-3,-3,1,0,0,49.57
valid_parallel,VAL_1_05,-2,-2,1,0,0,50.86
valid_parallel,VAL_1_05,-1,-1,1,0,0,50.58
valid_parallel,VAL_1_05,0,0,1,1,1,55.07
valid_parallel,VAL_1_05,1,1,1,1,1,58.75
valid_parallel,VAL_1_05,2,2,1,1,1,60.09
valid_parallel,VAL_1_05,3,3,1,1,1,61.62
valid_parallel,VAL_1_05,4,4,1,1,1,61.72
valid_parallel,VAL_1_06,-4,-4,1,0,0,45.19
valid_parallel,VAL_1_06,-3,-3,1,0,0,46.3
valid_parallel,VAL_1_06,-2,-2,1,0,0,48.19
valid_parallel,VAL_1_06,-1,-1,1,0,0,50.39
valid_parallel,VAL_1_06,0,0,1,1,1,52.4
valid_parallel,VAL_1_06,1,1,1,1,1,56.33
valid_parallel,VAL_1_06,2,2,1,1,1,57.69
valid_parallel,VAL_1_06,3,3,1,1,1,59.12
valid_parallel,VAL_1_06,4,4,1,1,1,60.65
valid_parallel,VAL_1_07,-4,-4,1,0,0,46.68
valid_parallel,VAL_1_07,-3,-3,1,0,0,47.45
valid_parallel,VAL_1_07,-2,-2,1,0,0,49.9
valid_parallel,VAL_1_07,-1,-1,1,0,0,49.39
valid_parallel,VAL_1_07,0,0,1,1,1,53.2
valid_parallel,VAL_1_07,1,1,1,1,1,55.18
valid_parallel,VAL_1_07,2,2,1,1,1,58.2
valid_parallel,VAL_1_07,3,3,1,1,1,59.99
valid_parallel,VAL_1_07,4,4,1,1,1,61.84
valid_parallel,VAL_1_08,-4,-4,1,0,0,48.88
valid_parallel,VAL_1_08,-3,-3,1,0,0,48.48
valid_parallel,VAL_1_08,-2,-2,1,0,0,48.35
valid_parallel,VAL_1_08,-1,-1,1,0,0,54.82
valid_parallel,VAL_1_08,0,0,1,1,1,56.78
valid_parallel,VAL_1_08,1,1,1,1,1,56.92
valid_parallel,VAL_1_08,2,2,1,1,1,59.85
valid_parallel,VAL_1_08,3,3,1,1,1,60.16
valid_parallel,VAL_1_08,4,4,1,1,1,65.22
valid_parallel,VAL_1_09,-4,-4,1,0,0,47.73
valid_parallel,VAL_1_09,-3,-3,1,0,0,48.84
valid_parallel,VAL_1_09,-2,-2,1,0,0,49.65
valid_parallel,VAL_1_09,-1,-1,1,0,0,50.53
valid_parallel,VAL_1_09,0,0,1,1,1,57.19
valid_parallel,VAL_1_09,1,1,1,1,1,57.35
valid_parallel,VAL_1_09,2,2,1,1,1,58.73
valid_parallel,VAL_1_09,3,3,1,1,1,62.97
valid_parallel,VAL_1_09,4,4,1,1,1,62.71
valid_parallel,VAL_1_10,-4,-4,1,0,0,48.81
valid_parallel,VAL_1_10,-3,-3,1,0,0,48.34
valid_parallel,VAL_1_10,-2,-2,1,0,0,52.01
valid_parallel,VAL_1_10,-1,-1,1,0,0,54.57
valid_parallel,VAL_1_10,0,0,1,1,1,55.95
valid_parallel,VAL_1_10,1,1,1,1,1,56.35
valid_parallel,VAL_1_10,2,2,1,1,1,59.33
valid_parallel,VAL_1_10,3,3,1,1,1,62.35
valid_parallel,VAL_1_10,4,4,1,1,1,63.89
valid_parallel,VAL_1_11,-4,-4,1,0,0,48.44
valid_parallel,VAL_1_11,-3,-3,1,0,0,45.94
valid_parallel,VAL_1_11,-2,-2,1,0,0,49.06
valid_parallel,VAL_1_11,-1,-1,1,0,0,51.55
valid_parallel,VAL_1_11,0,0,1,1,1,55.07
valid_parallel,VAL_1_11,1,1,1,1,1,55.87
valid_parallel,VAL_1_11,2,2,1,1,1,59.95
valid_parallel,VAL_1_11,3,3,1,1,1,60.25
valid_parallel,VAL_1_11,4,4,1,1,1,61.56
valid_parallel,VAL_1_12,-4,-4,1,0,0,46.18
valid_parallel,VAL_1_12,-3,-3,1,0,0,47.61
valid_parallel,VAL_1_12,-2,-2,1,0,0,50.33
valid_parallel,VAL_1_12,-1,-1,1,0,0,51.15
valid_parallel,VAL_1_12,0,0,1,1,1,54.53
valid_parallel,VAL_1_12,1,1,1,1,1,58.79
valid_parallel,VAL_1_12,2,2,1,1,1,59.05
valid_parallel,VAL_1_12,3,3,1,1,1,61.12
valid_parallel,VAL_1_12,4,4,1,1,1,60.62
valid_parallel,VAL_1_13,-4,-4,1,0,0,48.3
valid_parallel,VAL_1_13,-3,-3,1,0,0,51.19
valid_parallel,VAL_1_13,-2,-2,1,0,0,52.28
valid_parallel,VAL_1_13,-1,-1,1,0,0,53.87
valid_parallel,VAL_1_13,0,0,1,1,1,57.28
valid_parallel,VAL_1_13,1,1,1,1,1,60.22
valid_parallel,VAL_1_13,2,2,1,1,1,61.37
valid_parallel,VAL_1_13,3,3,1,1,1,62.83
valid_parallel,VAL_1_13,4,4,1,1,1,65.36
valid_parallel,VAL_1_14,-4,-4,1,0,0,49.71
valid_parallel,VAL_1_14,-3,-3,1,0,0,51.52
valid_parallel,VAL_1_14,-2,-2,1,0,0,50.19
valid_parallel,VAL_1_14,-1,-1,1,0,0,52.79
valid_parallel,VAL_1_14,0,0,1,1,1,57.92
valid_parallel,VAL_1_14,1,1,1,1,1,59.08
valid_parallel,VAL_1_14,2,2,1,1,1,60.81
valid_parallel,VAL_1_14,3,3,1,1,1,62.4
valid_parallel,VAL_1_14,4,4,1,1,1,64.28
valid_parallel,VAL_1_15,-4,-4,1,0,0,43.99
valid_parallel,VAL_1_15,-3,-3,1,0,0,44.51
valid_parallel,VAL_1_15,-2,-2,1,0,0,46.3
valid_parallel,VAL_1_15,-1,-1,1,0,0,46.54
valid_parallel,VAL_1_15,0,0,1,1,1,51.19
valid_parallel,VAL_1_15,1,1,1,1,1,53.13
valid_parallel,VAL_1_15,2,2,1,1,1,57.3
valid_parallel,VAL_1_15,3,3,1,1,1,57.0
valid_parallel,VAL_1_15,4,4,1,1,1,58.09
valid_parallel,VAL_1_16,-4,-4,1,0,0,47.95
valid_parallel,VAL_1_16,-3,-3,1,0,0,49.43
valid_parallel,VAL_1_16,-2,-2,1,0,0,48.77
valid_parallel,VAL_1_16,-1,-1,1,0,0,50.4
valid_parallel,VAL_1_16,0,0,1,1,1,56.02
valid_parallel,VAL_1_16,1,1,1,1,1,59.04
valid_parallel,VAL_1_16,2,2,1,1,1,57.17
valid_parallel,VAL_1_16,3,3,1,1,1,62.36
valid_parallel,VAL_1_16,4,4,1,1,1,64.55
valid_parallel,VAL_1_17,-4,-4,1,0,0,50.6
valid_parallel,VAL_1_17,-3,-3,1,0,0,50.75
valid_parallel,VAL_1_17,-2,-2,1,0,0,51.16
valid_parallel,VAL_1_17,-1,-1,1,0,0,53.29
valid_parallel,VAL_1_17,0,0,1,1,1,56.78
valid_parallel,VAL_1_17,1,1,1,1,1,59.18
valid_parallel,VAL_1_17,2,2,1,1,1,61.06
valid_parallel,VAL_1_17,3,3,1,1,1,62.89
valid_parallel,VAL_1_17,4,4,1,1,1,66.12
valid_parallel,VAL_1_18,-4,-4,1,0,0,45.17
valid_parallel,VAL_1_18,-3,-3,1,0,0,46.38
valid_parallel,VAL_1_18,-2,-2,1,0,0,48.1
valid_parallel,VAL_1_18,-1,-1,1,0,0,48.58
valid_parallel,VAL_1_18,0,0,1,1,1,53.54
valid_parallel,VAL_1_18,1,1,1,1,1,56.07
valid_parallel,VAL_1_18,2,2,1,1,1,55.7
valid_parallel,VAL_1_18,3,3,1,1,1,58.09
valid_parallel,VAL_1_18,4,4,1,1,1,60.59
nonparallel_pretrend,NON_0_01,-4,-4,0,0,0,44.51
nonparallel_pretrend,NON_0_01,-3,-3,0,0,0,43.29
nonparallel_pretrend,NON_0_01,-2,-2,0,0,0,45.47
nonparallel_pretrend,NON_0_01,-1,-1,0,0,0,47.54
nonparallel_pretrend,NON_0_01,0,0,0,1,0,47.62
nonparallel_pretrend,NON_0_01,1,1,0,1,0,50.07
nonparallel_pretrend,NON_0_01,2,2,0,1,0,49.87
nonparallel_pretrend,NON_0_01,3,3,0,1,0,53.87
nonparallel_pretrend,NON_0_01,4,4,0,1,0,51.1
nonparallel_pretrend,NON_0_02,-4,-4,0,0,0,46.48
nonparallel_pretrend,NON_0_02,-3,-3,0,0,0,47.28
nonparallel_pretrend,NON_0_02,-2,-2,0,0,0,48.42
nonparallel_pretrend,NON_0_02,-1,-1,0,0,0,49.04
nonparallel_pretrend,NON_0_02,0,0,0,1,0,51.05
nonparallel_pretrend,NON_0_02,1,1,0,1,0,52.24
nonparallel_pretrend,NON_0_02,2,2,0,1,0,52.42
nonparallel_pretrend,NON_0_02,3,3,0,1,0,52.29
nonparallel_pretrend,NON_0_02,4,4,0,1,0,55.18
nonparallel_pretrend,NON_0_03,-4,-4,0,0,0,44.38
nonparallel_pretrend,NON_0_03,-3,-3,0,0,0,44.8
nonparallel_pretrend,NON_0_03,-2,-2,0,0,0,49.24
nonparallel_pretrend,NON_0_03,-1,-1,0,0,0,46.37
nonparallel_pretrend,NON_0_03,0,0,0,1,0,49.81
nonparallel_pretrend,NON_0_03,1,1,0,1,0,50.58
nonparallel_pretrend,NON_0_03,2,2,0,1,0,51.41
nonparallel_pretrend,NON_0_03,3,3,0,1,0,50.88
nonparallel_pretrend,NON_0_03,4,4,0,1,0,51.57
nonparallel_pretrend,NON_0_04,-4,-4,0,0,0,42.92
nonparallel_pretrend,NON_0_04,-3,-3,0,0,0,45.05
nonparallel_pretrend,NON_0_04,-2,-2,0,0,0,47.31
nonparallel_pretrend,NON_0_04,-1,-1,0,0,0,48.11
nonparallel_pretrend,NON_0_04,0,0,0,1,0,48.99
nonparallel_pretrend,NON_0_04,1,1,0,1,0,50.15
nonparallel_pretrend,NON_0_04,2,2,0,1,0,52.62
nonparallel_pretrend,NON_0_04,3,3,0,1,0,50.75
nonparallel_pretrend,NON_0_04,4,4,0,1,0,52.15
nonparallel_pretrend,NON_0_05,-4,-4,0,0,0,45.77
nonparallel_pretrend,NON_0_05,-3,-3,0,0,0,47.25
nonparallel_pretrend,NON_0_05,-2,-2,0,0,0,46.02
nonparallel_pretrend,NON_0_05,-1,-1,0,0,0,49.74
nonparallel_pretrend,NON_0_05,0,0,0,1,0,49.19
nonparallel_pretrend,NON_0_05,1,1,0,1,0,52.79
nonparallel_pretrend,NON_0_05,2,2,0,1,0,52.69
nonparallel_pretrend,NON_0_05,3,3,0,1,0,53.86
nonparallel_pretrend,NON_0_05,4,4,0,1,0,52.36
nonparallel_pretrend,NON_0_06,-4,-4,0,0,0,50.22
nonparallel_pretrend,NON_0_06,-3,-3,0,0,0,53.17
nonparallel_pretrend,NON_0_06,-2,-2,0,0,0,52.84
nonparallel_pretrend,NON_0_06,-1,-1,0,0,0,54.21
nonparallel_pretrend,NON_0_06,0,0,0,1,0,55.59
nonparallel_pretrend,NON_0_06,1,1,0,1,0,56.68
nonparallel_pretrend,NON_0_06,2,2,0,1,0,58.42
nonparallel_pretrend,NON_0_06,3,3,0,1,0,57.21
nonparallel_pretrend,NON_0_06,4,4,0,1,0,59.97
nonparallel_pretrend,NON_0_07,-4,-4,0,0,0,46.78
nonparallel_pretrend,NON_0_07,-3,-3,0,0,0,49.98
nonparallel_pretrend,NON_0_07,-2,-2,0,0,0,49.62
nonparallel_pretrend,NON_0_07,-1,-1,0,0,0,49.72
nonparallel_pretrend,NON_0_07,0,0,0,1,0,52.69
nonparallel_pretrend,NON_0_07,1,1,0,1,0,52.41
nonparallel_pretrend,NON_0_07,2,2,0,1,0,54.05
nonparallel_pretrend,NON_0_07,3,3,0,1,0,54.05
nonparallel_pretrend,NON_0_07,4,4,0,1,0,56.27
nonparallel_pretrend,NON_0_08,-4,-4,0,0,0,44.6
nonparallel_pretrend,NON_0_08,-3,-3,0,0,0,46.77
nonparallel_pretrend,NON_0_08,-2,-2,0,0,0,47.54
nonparallel_pretrend,NON_0_08,-1,-1,0,0,0,47.74
nonparallel_pretrend,NON_0_08,0,0,0,1,0,52.0
nonparallel_pretrend,NON_0_08,1,1,0,1,0,50.89
nonparallel_pretrend,NON_0_08,2,2,0,1,0,50.98
nonparallel_pretrend,NON_0_08,3,3,0,1,0,52.06
nonparallel_pretrend,NON_0_08,4,4,0,1,0,53.12
nonparallel_pretrend,NON_0_09,-4,-4,0,0,0,47.16
nonparallel_pretrend,NON_0_09,-3,-3,0,0,0,48.81
nonparallel_pretrend,NON_0_09,-2,-2,0,0,0,48.14
nonparallel_pretrend,NON_0_09,-1,-1,0,0,0,50.15
nonparallel_pretrend,NON_0_09,0,0,0,1,0,51.72
nonparallel_pretrend,NON_0_09,1,1,0,1,0,53.03
nonparallel_pretrend,NON_0_09,2,2,0,1,0,52.3
nonparallel_pretrend,NON_0_09,3,3,0,1,0,55.95
nonparallel_pretrend,NON_0_09,4,4,0,1,0,55.8
nonparallel_pretrend,NON_0_10,-4,-4,0,0,0,45.83
nonparallel_pretrend,NON_0_10,-3,-3,0,0,0,48.63
nonparallel_pretrend,NON_0_10,-2,-2,0,0,0,49.16
nonparallel_pretrend,NON_0_10,-1,-1,0,0,0,50.07
nonparallel_pretrend,NON_0_10,0,0,0,1,0,52.19
nonparallel_pretrend,NON_0_10,1,1,0,1,0,54.49
nonparallel_pretrend,NON_0_10,2,2,0,1,0,54.75
nonparallel_pretrend,NON_0_10,3,3,0,1,0,54.66
nonparallel_pretrend,NON_0_10,4,4,0,1,0,55.3
nonparallel_pretrend,NON_0_11,-4,-4,0,0,0,47.31
nonparallel_pretrend,NON_0_11,-3,-3,0,0,0,49.33
nonparallel_pretrend,NON_0_11,-2,-2,0,0,0,47.86
nonparallel_pretrend,NON_0_11,-1,-1,0,0,0,50.45
nonparallel_pretrend,NON_0_11,0,0,0,1,0,52.51
nonparallel_pretrend,NON_0_11,1,1,0,1,0,53.14
nonparallel_pretrend,NON_0_11,2,2,0,1,0,53.71
nonparallel_pretrend,NON_0_11,3,3,0,1,0,56.39
nonparallel_pretrend,NON_0_11,4,4,0,1,0,55.54
nonparallel_pretrend,NON_0_12,-4,-4,0,0,0,43.84
nonparallel_pretrend,NON_0_12,-3,-3,0,0,0,45.19
nonparallel_pretrend,NON_0_12,-2,-2,0,0,0,48.17
nonparallel_pretrend,NON_0_12,-1,-1,0,0,0,46.74
nonparallel_pretrend,NON_0_12,0,0,0,1,0,48.72
nonparallel_pretrend,NON_0_12,1,1,0,1,0,50.36
nonparallel_pretrend,NON_0_12,2,2,0,1,0,51.03
nonparallel_pretrend,NON_0_12,3,3,0,1,0,52.94
nonparallel_pretrend,NON_0_12,4,4,0,1,0,55.35
nonparallel_pretrend,NON_0_13,-4,-4,0,0,0,49.23
nonparallel_pretrend,NON_0_13,-3,-3,0,0,0,48.34
nonparallel_pretrend,NON_0_13,-2,-2,0,0,0,50.39
nonparallel_pretrend,NON_0_13,-1,-1,0,0,0,52.46
nonparallel_pretrend,NON_0_13,0,0,0,1,0,51.23
nonparallel_pretrend,NON_0_13,1,1,0,1,0,54.66
nonparallel_pretrend,NON_0_13,2,2,0,1,0,53.58
nonparallel_pretrend,NON_0_13,3,3,0,1,0,53.27
nonparallel_pretrend,NON_0_13,4,4,0,1,0,55.94
nonparallel_pretrend,NON_0_14,-4,-4,0,0,0,46.04
nonparallel_pretrend,NON_0_14,-3,-3,0,0,0,47.19
nonparallel_pretrend,NON_0_14,-2,-2,0,0,0,48.52
nonparallel_pretrend,NON_0_14,-1,-1,0,0,0,50.15
nonparallel_pretrend,NON_0_14,0,0,0,1,0,48.92
nonparallel_pretrend,NON_0_14,1,1,0,1,0,51.25
nonparallel_pretrend,NON_0_14,2,2,0,1,0,51.25
nonparallel_pretrend,NON_0_14,3,3,0,1,0,51.69
nonparallel_pretrend,NON_0_14,4,4,0,1,0,54.94
nonparallel_pretrend,NON_0_15,-4,-4,0,0,0,44.32
nonparallel_pretrend,NON_0_15,-3,-3,0,0,0,45.18
nonparallel_pretrend,NON_0_15,-2,-2,0,0,0,46.36
nonparallel_pretrend,NON_0_15,-1,-1,0,0,0,48.3
nonparallel_pretrend,NON_0_15,0,0,0,1,0,48.67
nonparallel_pretrend,NON_0_15,1,1,0,1,0,50.44
nonparallel_pretrend,NON_0_15,2,2,0,1,0,51.19
nonparallel_pretrend,NON_0_15,3,3,0,1,0,51.0
nonparallel_pretrend,NON_0_15,4,4,0,1,0,54.48
nonparallel_pretrend,NON_0_16,-4,-4,0,0,0,42.8
nonparallel_pretrend,NON_0_16,-3,-3,0,0,0,46.21
nonparallel_pretrend,NON_0_16,-2,-2,0,0,0,46.47
nonparallel_pretrend,NON_0_16,-1,-1,0,0,0,46.48
nonparallel_pretrend,NON_0_16,0,0,0,1,0,48.69
nonparallel_pretrend,NON_0_16,1,1,0,1,0,48.08
nonparallel_pretrend,NON_0_16,2,2,0,1,0,50.1
nonparallel_pretrend,NON_0_16,3,3,0,1,0,50.05
nonparallel_pretrend,NON_0_16,4,4,0,1,0,51.97
nonparallel_pretrend,NON_0_17,-4,-4,0,0,0,46.54
nonparallel_pretrend,NON_0_17,-3,-3,0,0,0,45.72
nonparallel_pretrend,NON_0_17,-2,-2,0,0,0,49.58
nonparallel_pretrend,NON_0_17,-1,-1,0,0,0,49.59
nonparallel_pretrend,NON_0_17,0,0,0,1,0,50.08
nonparallel_pretrend,NON_0_17,1,1,0,1,0,52.39
nonparallel_pretrend,NON_0_17,2,2,0,1,0,52.94
nonparallel_pretrend,NON_0_17,3,3,0,1,0,55.23
nonparallel_pretrend,NON_0_17,4,4,0,1,0,55.45
nonparallel_pretrend,NON_0_18,-4,-4,0,0,0,43.83
nonparallel_pretrend,NON_0_18,-3,-3,0,0,0,44.51
nonparallel_pretrend,NON_0_18,-2,-2,0,0,0,45.06
nonparallel_pretrend,NON_0_18,-1,-1,0,0,0,46.31
nonparallel_pretrend,NON_0_18,0,0,0,1,0,48.39
nonparallel_pretrend,NON_0_18,1,1,0,1,0,48.91
nonparallel_pretrend,NON_0_18,2,2,0,1,0,48.17
nonparallel_pretrend,NON_0_18,3,3,0,1,0,49.58
nonparallel_pretrend,NON_0_18,4,4,0,1,0,51.5
nonparallel_pretrend,NON_1_01,-4,-4,1,0,0,47.99
nonparallel_pretrend,NON_1_01,-3,-3,1,0,0,47.92
nonparallel_pretrend,NON_1_01,-2,-2,1,0,0,49.93
nonparallel_pretrend,NON_1_01,-1,-1,1,0,0,51.75
nonparallel_pretrend,NON_1_01,0,0,1,1,1,56.61
nonparallel_pretrend,NON_1_01,1,1,1,1,1,57.91
nonparallel_pretrend,NON_1_01,2,2,1,1,1,59.92
nonparallel_pretrend,NON_1_01,3,3,1,1,1,60.99
nonparallel_pretrend,NON_1_01,4,4,1,1,1,62.28
nonparallel_pretrend,NON_1_02,-4,-4,1,0,0,44.7
nonparallel_pretrend,NON_1_02,-3,-3,1,0,0,45.16
nonparallel_pretrend,NON_1_02,-2,-2,1,0,0,47.98
nonparallel_pretrend,NON_1_02,-1,-1,1,0,0,50.88
nonparallel_pretrend,NON_1_02,0,0,1,1,1,53.19
nonparallel_pretrend,NON_1_02,1,1,1,1,1,55.65
nonparallel_pretrend,NON_1_02,2,2,1,1,1,58.46
nonparallel_pretrend,NON_1_02,3,3,1,1,1,58.75
nonparallel_pretrend,NON_1_02,4,4,1,1,1,61.99
nonparallel_pretrend,NON_1_03,-4,-4,1,0,0,45.3
nonparallel_pretrend,NON_1_03,-3,-3,1,0,0,46.66
nonparallel_pretrend,NON_1_03,-2,-2,1,0,0,49.28
nonparallel_pretrend,NON_1_03,-1,-1,1,0,0,52.87
nonparallel_pretrend,NON_1_03,0,0,1,1,1,55.92
nonparallel_pretrend,NON_1_03,1,1,1,1,1,57.83
nonparallel_pretrend,NON_1_03,2,2,1,1,1,60.12
nonparallel_pretrend,NON_1_03,3,3,1,1,1,62.33
nonparallel_pretrend,NON_1_03,4,4,1,1,1,63.41
nonparallel_pretrend,NON_1_04,-4,-4,1,0,0,45.91
nonparallel_pretrend,NON_1_04,-3,-3,1,0,0,46.98
nonparallel_pretrend,NON_1_04,-2,-2,1,0,0,48.7
nonparallel_pretrend,NON_1_04,-1,-1,1,0,0,50.38
nonparallel_pretrend,NON_1_04,0,0,1,1,1,53.78
nonparallel_pretrend,NON_1_04,1,1,1,1,1,56.16
nonparallel_pretrend,NON_1_04,2,2,1,1,1,59.39
nonparallel_pretrend,NON_1_04,3,3,1,1,1,60.92
nonparallel_pretrend,NON_1_04,4,4,1,1,1,61.58
nonparallel_pretrend,NON_1_05,-4,-4,1,0,0,46.42
nonparallel_pretrend,NON_1_05,-3,-3,1,0,0,46.97
nonparallel_pretrend,NON_1_05,-2,-2,1,0,0,49.65
nonparallel_pretrend,NON_1_05,-1,-1,1,0,0,50.9
nonparallel_pretrend,NON_1_05,0,0,1,1,1,56.27
nonparallel_pretrend,NON_1_05,1,1,1,1,1,58.6
nonparallel_pretrend,NON_1_05,2,2,1,1,1,59.45
nonparallel_pretrend,NON_1_05,3,3,1,1,1,61.76
nonparallel_pretrend,NON_1_05,4,4,1,1,1,63.81
nonparallel_pretrend,NON_1_06,-4,-4,1,0,0,45.44
nonparallel_pretrend,NON_1_06,-3,-3,1,0,0,48.27
nonparallel_pretrend,NON_1_06,-2,-2,1,0,0,51.38
nonparallel_pretrend,NON_1_06,-1,-1,1,0,0,52.48
nonparallel_pretrend,NON_1_06,0,0,1,1,1,58.44
nonparallel_pretrend,NON_1_06,1,1,1,1,1,57.82
nonparallel_pretrend,NON_1_06,2,2,1,1,1,59.29
nonparallel_pretrend,NON_1_06,3,3,1,1,1,62.12
nonparallel_pretrend,NON_1_06,4,4,1,1,1,62.86
nonparallel_pretrend,NON_1_07,-4,-4,1,0,0,43.57
nonparallel_pretrend,NON_1_07,-3,-3,1,0,0,44.37
nonparallel_pretrend,NON_1_07,-2,-2,1,0,0,49.23
nonparallel_pretrend,NON_1_07,-1,-1,1,0,0,50.65
nonparallel_pretrend,NON_1_07,0,0,1,1,1,54.62
nonparallel_pretrend,NON_1_07,1,1,1,1,1,55.71
nonparallel_pretrend,NON_1_07,2,2,1,1,1,58.48
nonparallel_pretrend,NON_1_07,3,3,1,1,1,60.24
nonparallel_pretrend,NON_1_07,4,4,1,1,1,62.39
nonparallel_pretrend,NON_1_08,-4,-4,1,0,0,46.0
nonparallel_pretrend,NON_1_08,-3,-3,1,0,0,49.3
nonparallel_pretrend,NON_1_08,-2,-2,1,0,0,49.67
nonparallel_pretrend,NON_1_08,-1,-1,1,0,0,51.31
nonparallel_pretrend,NON_1_08,0,0,1,1,1,55.4
nonparallel_pretrend,NON_1_08,1,1,1,1,1,57.54
nonparallel_pretrend,NON_1_08,2,2,1,1,1,58.74
nonparallel_pretrend,NON_1_08,3,3,1,1,1,59.72
nonparallel_pretrend,NON_1_08,4,4,1,1,1,62.68
nonparallel_pretrend,NON_1_09,-4,-4,1,0,0,48.14
nonparallel_pretrend,NON_1_09,-3,-3,1,0,0,49.06
nonparallel_pretrend,NON_1_09,-2,-2,1,0,0,51.69
nonparallel_pretrend,NON_1_09,-1,-1,1,0,0,52.02
nonparallel_pretrend,NON_1_09,0,0,1,1,1,58.15
nonparallel_pretrend,NON_1_09,1,1,1,1,1,57.69
nonparallel_pretrend,NON_1_09,2,2,1,1,1,60.46
nonparallel_pretrend,NON_1_09,3,3,1,1,1,61.06
nonparallel_pretrend,NON_1_09,4,4,1,1,1,64.26
nonparallel_pretrend,NON_1_10,-4,-4,1,0,0,46.28
nonparallel_pretrend,NON_1_10,-3,-3,1,0,0,48.92
nonparallel_pretrend,NON_1_10,-2,-2,1,0,0,50.44
nonparallel_pretrend,NON_1_10,-1,-1,1,0,0,51.54
nonparallel_pretrend,NON_1_10,0,0,1,1,1,56.16
nonparallel_pretrend,NON_1_10,1,1,1,1,1,59.73
nonparallel_pretrend,NON_1_10,2,2,1,1,1,60.26
nonparallel_pretrend,NON_1_10,3,3,1,1,1,63.23
nonparallel_pretrend,NON_1_10,4,4,1,1,1,63.65
nonparallel_pretrend,NON_1_11,-4,-4,1,0,0,47.28
nonparallel_pretrend,NON_1_11,-3,-3,1,0,0,49.9
nonparallel_pretrend,NON_1_11,-2,-2,1,0,0,49.67
nonparallel_pretrend,NON_1_11,-1,-1,1,0,0,51.85
nonparallel_pretrend,NON_1_11,0,0,1,1,1,57.13
nonparallel_pretrend,NON_1_11,1,1,1,1,1,56.82
nonparallel_pretrend,NON_1_11,2,2,1,1,1,58.66
nonparallel_pretrend,NON_1_11,3,3,1,1,1,61.62
nonparallel_pretrend,NON_1_11,4,4,1,1,1,64.74
nonparallel_pretrend,NON_1_12,-4,-4,1,0,0,46.64
nonparallel_pretrend,NON_1_12,-3,-3,1,0,0,46.72
nonparallel_pretrend,NON_1_12,-2,-2,1,0,0,49.79
nonparallel_pretrend,NON_1_12,-1,-1,1,0,0,50.22
nonparallel_pretrend,NON_1_12,0,0,1,1,1,55.85
nonparallel_pretrend,NON_1_12,1,1,1,1,1,58.05
nonparallel_pretrend,NON_1_12,2,2,1,1,1,61.37
nonparallel_pretrend,NON_1_12,3,3,1,1,1,62.06
nonparallel_pretrend,NON_1_12,4,4,1,1,1,62.21
nonparallel_pretrend,NON_1_13,-4,-4,1,0,0,45.51
nonparallel_pretrend,NON_1_13,-3,-3,1,0,0,48.99
nonparallel_pretrend,NON_1_13,-2,-2,1,0,0,50.23
nonparallel_pretrend,NON_1_13,-1,-1,1,0,0,53.04
nonparallel_pretrend,NON_1_13,0,0,1,1,1,56.35
nonparallel_pretrend,NON_1_13,1,1,1,1,1,58.23
nonparallel_pretrend,NON_1_13,2,2,1,1,1,61.2
nonparallel_pretrend,NON_1_13,3,3,1,1,1,61.49
nonparallel_pretrend,NON_1_13,4,4,1,1,1,63.45
nonparallel_pretrend,NON_1_14,-4,-4,1,0,0,44.6
nonparallel_pretrend,NON_1_14,-3,-3,1,0,0,47.68
nonparallel_pretrend,NON_1_14,-2,-2,1,0,0,47.87
nonparallel_pretrend,NON_1_14,-1,-1,1,0,0,51.28
nonparallel_pretrend,NON_1_14,0,0,1,1,1,55.66
nonparallel_pretrend,NON_1_14,1,1,1,1,1,58.14
nonparallel_pretrend,NON_1_14,2,2,1,1,1,59.11
nonparallel_pretrend,NON_1_14,3,3,1,1,1,60.88
nonparallel_pretrend,NON_1_14,4,4,1,1,1,62.64
nonparallel_pretrend,NON_1_15,-4,-4,1,0,0,45.38
nonparallel_pretrend,NON_1_15,-3,-3,1,0,0,44.78
nonparallel_pretrend,NON_1_15,-2,-2,1,0,0,47.56
nonparallel_pretrend,NON_1_15,-1,-1,1,0,0,49.26
nonparallel_pretrend,NON_1_15,0,0,1,1,1,54.83
nonparallel_pretrend,NON_1_15,1,1,1,1,1,57.61
nonparallel_pretrend,NON_1_15,2,2,1,1,1,58.79
nonparallel_pretrend,NON_1_15,3,3,1,1,1,59.45
nonparallel_pretrend,NON_1_15,4,4,1,1,1,60.53
nonparallel_pretrend,NON_1_16,-4,-4,1,0,0,46.15
nonparallel_pretrend,NON_1_16,-3,-3,1,0,0,48.56
nonparallel_pretrend,NON_1_16,-2,-2,1,0,0,49.39
nonparallel_pretrend,NON_1_16,-1,-1,1,0,0,50.04
nonparallel_pretrend,NON_1_16,0,0,1,1,1,58.04
nonparallel_pretrend,NON_1_16,1,1,1,1,1,56.08
nonparallel_pretrend,NON_1_16,2,2,1,1,1,59.05
nonparallel_pretrend,NON_1_16,3,3,1,1,1,61.32
nonparallel_pretrend,NON_1_16,4,4,1,1,1,64.38
nonparallel_pretrend,NON_1_17,-4,-4,1,0,0,42.43
nonparallel_pretrend,NON_1_17,-3,-3,1,0,0,45.82
nonparallel_pretrend,NON_1_17,-2,-2,1,0,0,46.82
nonparallel_pretrend,NON_1_17,-1,-1,1,0,0,48.84
nonparallel_pretrend,NON_1_17,0,0,1,1,1,53.91
nonparallel_pretrend,NON_1_17,1,1,1,1,1,55.84
nonparallel_pretrend,NON_1_17,2,2,1,1,1,57.63
nonparallel_pretrend,NON_1_17,3,3,1,1,1,60.11
nonparallel_pretrend,NON_1_17,4,4,1,1,1,59.85
nonparallel_pretrend,NON_1_18,-4,-4,1,0,0,45.12
nonparallel_pretrend,NON_1_18,-3,-3,1,0,0,43.33
nonparallel_pretrend,NON_1_18,-2,-2,1,0,0,47.94
nonparallel_pretrend,NON_1_18,-1,-1,1,0,0,47.77
nonparallel_pretrend,NON_1_18,0,0,1,1,1,54.97
nonparallel_pretrend,NON_1_18,1,1,1,1,1,55.69
nonparallel_pretrend,NON_1_18,2,2,1,1,1,59.44
nonparallel_pretrend,NON_1_18,3,3,1,1,1,59.03
nonparallel_pretrend,NON_1_18,4,4,1,1,1,58.72
anticipation,ANT_0_01,-4,-4,0,0,0,43.18
anticipation,ANT_0_01,-3,-3,0,0,0,45.83
anticipation,ANT_0_01,-2,-2,0,0,0,45.29
anticipation,ANT_0_01,-1,-1,0,0,0,48.4
anticipation,ANT_0_01,0,0,0,1,0,49.66
anticipation,ANT_0_01,1,1,0,1,0,51.58
anticipation,ANT_0_01,2,2,0,1,0,51.46
anticipation,ANT_0_01,3,3,0,1,0,53.94
anticipation,ANT_0_01,4,4,0,1,0,56.26
anticipation,ANT_0_02,-4,-4,0,0,0,41.99
anticipation,ANT_0_02,-3,-3,0,0,0,46.16
anticipation,ANT_0_02,-2,-2,0,0,0,46.49
anticipation,ANT_0_02,-1,-1,0,0,0,48.72
anticipation,ANT_0_02,0,0,0,1,0,49.52
anticipation,ANT_0_02,1,1,0,1,0,48.84
anticipation,ANT_0_02,2,2,0,1,0,51.83
anticipation,ANT_0_02,3,3,0,1,0,52.09
anticipation,ANT_0_02,4,4,0,1,0,54.62
anticipation,ANT_0_03,-4,-4,0,0,0,47.71
anticipation,ANT_0_03,-3,-3,0,0,0,47.3
anticipation,ANT_0_03,-2,-2,0,0,0,49.03
anticipation,ANT_0_03,-1,-1,0,0,0,49.55
anticipation,ANT_0_03,0,0,0,1,0,52.35
anticipation,ANT_0_03,1,1,0,1,0,52.42
anticipation,ANT_0_03,2,2,0,1,0,53.56
anticipation,ANT_0_03,3,3,0,1,0,56.31
anticipation,ANT_0_03,4,4,0,1,0,57.07
anticipation,ANT_0_04,-4,-4,0,0,0,47.45
anticipation,ANT_0_04,-3,-3,0,0,0,49.0
anticipation,ANT_0_04,-2,-2,0,0,0,51.64
anticipation,ANT_0_04,-1,-1,0,0,0,51.08
anticipation,ANT_0_04,0,0,0,1,0,55.71
anticipation,ANT_0_04,1,1,0,1,0,54.21
anticipation,ANT_0_04,2,2,0,1,0,55.63
anticipation,ANT_0_04,3,3,0,1,0,58.29
anticipation,ANT_0_04,4,4,0,1,0,58.7
anticipation,ANT_0_05,-4,-4,0,0,0,43.85
anticipation,ANT_0_05,-3,-3,0,0,0,46.86
anticipation,ANT_0_05,-2,-2,0,0,0,47.95
anticipation,ANT_0_05,-1,-1,0,0,0,47.8
anticipation,ANT_0_05,0,0,0,1,0,51.65
anticipation,ANT_0_05,1,1,0,1,0,52.71
anticipation,ANT_0_05,2,2,0,1,0,54.52
anticipation,ANT_0_05,3,3,0,1,0,56.4
anticipation,ANT_0_05,4,4,0,1,0,57.28
anticipation,ANT_0_06,-4,-4,0,0,0,43.93
anticipation,ANT_0_06,-3,-3,0,0,0,44.18
anticipation,ANT_0_06,-2,-2,0,0,0,47.03
anticipation,ANT_0_06,-1,-1,0,0,0,48.0
anticipation,ANT_0_06,0,0,0,1,0,48.92
anticipation,ANT_0_06,1,1,0,1,0,51.39
anticipation,ANT_0_06,2,2,0,1,0,51.34
anticipation,ANT_0_06,3,3,0,1,0,53.47
anticipation,ANT_0_06,4,4,0,1,0,55.81
anticipation,ANT_0_07,-4,-4,0,0,0,47.78
anticipation,ANT_0_07,-3,-3,0,0,0,49.31
anticipation,ANT_0_07,-2,-2,0,0,0,49.06
anticipation,ANT_0_07,-1,-1,0,0,0,49.65
anticipation,ANT_0_07,0,0,0,1,0,54.76
anticipation,ANT_0_07,1,1,0,1,0,54.75
anticipation,ANT_0_07,2,2,0,1,0,54.27
anticipation,ANT_0_07,3,3,0,1,0,54.82
anticipation,ANT_0_07,4,4,0,1,0,57.49
anticipation,ANT_0_08,-4,-4,0,0,0,45.78
anticipation,ANT_0_08,-3,-3,0,0,0,46.89
anticipation,ANT_0_08,-2,-2,0,0,0,48.28
anticipation,ANT_0_08,-1,-1,0,0,0,49.14
anticipation,ANT_0_08,0,0,0,1,0,50.64
anticipation,ANT_0_08,1,1,0,1,0,51.5
anticipation,ANT_0_08,2,2,0,1,0,54.25
anticipation,ANT_0_08,3,3,0,1,0,54.53
anticipation,ANT_0_08,4,4,0,1,0,55.27
anticipation,ANT_0_09,-4,-4,0,0,0,49.21
anticipation,ANT_0_09,-3,-3,0,0,0,49.34
anticipation,ANT_0_09,-2,-2,0,0,0,50.53
anticipation,ANT_0_09,-1,-1,0,0,0,51.27
anticipation,ANT_0_09,0,0,0,1,0,53.04
anticipation,ANT_0_09,1,1,0,1,0,55.49
anticipation,ANT_0_09,2,2,0,1,0,55.08
anticipation,ANT_0_09,3,3,0,1,0,57.93
anticipation,ANT_0_09,4,4,0,1,0,59.18
anticipation,ANT_0_10,-4,-4,0,0,0,45.58
anticipation,ANT_0_10,-3,-3,0,0,0,44.72
anticipation,ANT_0_10,-2,-2,0,0,0,47.7
anticipation,ANT_0_10,-1,-1,0,0,0,48.0
anticipation,ANT_0_10,0,0,0,1,0,51.32
anticipation,ANT_0_10,1,1,0,1,0,52.65
anticipation,ANT_0_10,2,2,0,1,0,53.93
anticipation,ANT_0_10,3,3,0,1,0,53.84
anticipation,ANT_0_10,4,4,0,1,0,56.05
anticipation,ANT_0_11,-4,-4,0,0,0,43.15
anticipation,ANT_0_11,-3,-3,0,0,0,44.92
anticipation,ANT_0_11,-2,-2,0,0,0,49.24
anticipation,ANT_0_11,-1,-1,0,0,0,47.31
anticipation,ANT_0_11,0,0,0,1,0,49.62
anticipation,ANT_0_11,1,1,0,1,0,50.61
anticipation,ANT_0_11,2,2,0,1,0,51.52
anticipation,ANT_0_11,3,3,0,1,0,54.25
anticipation,ANT_0_11,4,4,0,1,0,55.81
anticipation,ANT_0_12,-4,-4,0,0,0,43.2
anticipation,ANT_0_12,-3,-3,0,0,0,44.38
anticipation,ANT_0_12,-2,-2,0,0,0,46.14
anticipation,ANT_0_12,-1,-1,0,0,0,46.38
anticipation,ANT_0_12,0,0,0,1,0,48.17
anticipation,ANT_0_12,1,1,0,1,0,51.42
anticipation,ANT_0_12,2,2,0,1,0,48.58
anticipation,ANT_0_12,3,3,0,1,0,52.03
anticipation,ANT_0_12,4,4,0,1,0,53.88
anticipation,ANT_0_13,-4,-4,0,0,0,44.42
anticipation,ANT_0_13,-3,-3,0,0,0,46.5
anticipation,ANT_0_13,-2,-2,0,0,0,49.13
anticipation,ANT_0_13,-1,-1,0,0,0,46.96
anticipation,ANT_0_13,0,0,0,1,0,49.24
anticipation,ANT_0_13,1,1,0,1,0,53.27
anticipation,ANT_0_13,2,2,0,1,0,52.17
anticipation,ANT_0_13,3,3,0,1,0,53.53
anticipation,ANT_0_13,4,4,0,1,0,57.88
anticipation,ANT_0_14,-4,-4,0,0,0,44.71
anticipation,ANT_0_14,-3,-3,0,0,0,46.98
anticipation,ANT_0_14,-2,-2,0,0,0,48.16
anticipation,ANT_0_14,-1,-1,0,0,0,50.1
anticipation,ANT_0_14,0,0,0,1,0,50.93
anticipation,ANT_0_14,1,1,0,1,0,52.32
anticipation,ANT_0_14,2,2,0,1,0,52.51
anticipation,ANT_0_14,3,3,0,1,0,54.74
anticipation,ANT_0_14,4,4,0,1,0,56.6
anticipation,ANT_0_15,-4,-4,0,0,0,42.98
anticipation,ANT_0_15,-3,-3,0,0,0,45.68
anticipation,ANT_0_15,-2,-2,0,0,0,43.17
anticipation,ANT_0_15,-1,-1,0,0,0,47.23
anticipation,ANT_0_15,0,0,0,1,0,49.47
anticipation,ANT_0_15,1,1,0,1,0,50.67
anticipation,ANT_0_15,2,2,0,1,0,50.32
anticipation,ANT_0_15,3,3,0,1,0,53.24
anticipation,ANT_0_15,4,4,0,1,0,52.52
anticipation,ANT_0_16,-4,-4,0,0,0,46.14
anticipation,ANT_0_16,-3,-3,0,0,0,47.1
anticipation,ANT_0_16,-2,-2,0,0,0,47.27
anticipation,ANT_0_16,-1,-1,0,0,0,49.51
anticipation,ANT_0_16,0,0,0,1,0,50.4
anticipation,ANT_0_16,1,1,0,1,0,52.79
anticipation,ANT_0_16,2,2,0,1,0,53.6
anticipation,ANT_0_16,3,3,0,1,0,55.69
anticipation,ANT_0_16,4,4,0,1,0,56.36
anticipation,ANT_0_17,-4,-4,0,0,0,47.98
anticipation,ANT_0_17,-3,-3,0,0,0,49.29
anticipation,ANT_0_17,-2,-2,0,0,0,51.6
anticipation,ANT_0_17,-1,-1,0,0,0,50.69
anticipation,ANT_0_17,0,0,0,1,0,51.77
anticipation,ANT_0_17,1,1,0,1,0,53.11
anticipation,ANT_0_17,2,2,0,1,0,55.93
anticipation,ANT_0_17,3,3,0,1,0,56.26
anticipation,ANT_0_17,4,4,0,1,0,59.07
anticipation,ANT_0_18,-4,-4,0,0,0,48.88
anticipation,ANT_0_18,-3,-3,0,0,0,48.14
anticipation,ANT_0_18,-2,-2,0,0,0,51.17
anticipation,ANT_0_18,-1,-1,0,0,0,51.03
anticipation,ANT_0_18,0,0,0,1,0,52.72
anticipation,ANT_0_18,1,1,0,1,0,52.68
anticipation,ANT_0_18,2,2,0,1,0,55.14
anticipation,ANT_0_18,3,3,0,1,0,58.14
anticipation,ANT_0_18,4,4,0,1,0,58.58
anticipation,ANT_1_01,-4,-4,1,0,0,50.98
anticipation,ANT_1_01,-3,-3,1,0,0,53.27
anticipation,ANT_1_01,-2,-2,1,0,0,52.77
anticipation,ANT_1_01,-1,-1,1,0,0,56.9
anticipation,ANT_1_01,0,0,1,1,1,57.64
anticipation,ANT_1_01,1,1,1,1,1,62.19
anticipation,ANT_1_01,2,2,1,1,1,61.82
anticipation,ANT_1_01,3,3,1,1,1,63.07
anticipation,ANT_1_01,4,4,1,1,1,66.18
anticipation,ANT_1_02,-4,-4,1,0,0,47.64
anticipation,ANT_1_02,-3,-3,1,0,0,47.74
anticipation,ANT_1_02,-2,-2,1,0,0,49.94
anticipation,ANT_1_02,-1,-1,1,0,0,55.24
anticipation,ANT_1_02,0,0,1,1,1,55.16
anticipation,ANT_1_02,1,1,1,1,1,55.83
anticipation,ANT_1_02,2,2,1,1,1,59.07
anticipation,ANT_1_02,3,3,1,1,1,59.27
anticipation,ANT_1_02,4,4,1,1,1,63.15
anticipation,ANT_1_03,-4,-4,1,0,0,47.26
anticipation,ANT_1_03,-3,-3,1,0,0,46.25
anticipation,ANT_1_03,-2,-2,1,0,0,48.32
anticipation,ANT_1_03,-1,-1,1,0,0,53.52
anticipation,ANT_1_03,0,0,1,1,1,52.68
anticipation,ANT_1_03,1,1,1,1,1,54.79
anticipation,ANT_1_03,2,2,1,1,1,56.79
anticipation,ANT_1_03,3,3,1,1,1,59.99
anticipation,ANT_1_03,4,4,1,1,1,61.04
anticipation,ANT_1_04,-4,-4,1,0,0,48.97
anticipation,ANT_1_04,-3,-3,1,0,0,53.54
anticipation,ANT_1_04,-2,-2,1,0,0,51.95
anticipation,ANT_1_04,-1,-1,1,0,0,56.02
anticipation,ANT_1_04,0,0,1,1,1,56.58
anticipation,ANT_1_04,1,1,1,1,1,60.08
anticipation,ANT_1_04,2,2,1,1,1,61.86
anticipation,ANT_1_04,3,3,1,1,1,62.56
anticipation,ANT_1_04,4,4,1,1,1,64.37
anticipation,ANT_1_05,-4,-4,1,0,0,48.34
anticipation,ANT_1_05,-3,-3,1,0,0,50.35
anticipation,ANT_1_05,-2,-2,1,0,0,48.06
anticipation,ANT_1_05,-1,-1,1,0,0,52.01
anticipation,ANT_1_05,0,0,1,1,1,55.21
anticipation,ANT_1_05,1,1,1,1,1,55.69
anticipation,ANT_1_05,2,2,1,1,1,59.35
anticipation,ANT_1_05,3,3,1,1,1,60.1
anticipation,ANT_1_05,4,4,1,1,1,61.95
anticipation,ANT_1_06,-4,-4,1,0,0,47.26
anticipation,ANT_1_06,-3,-3,1,0,0,48.82
anticipation,ANT_1_06,-2,-2,1,0,0,49.36
anticipation,ANT_1_06,-1,-1,1,0,0,55.26
anticipation,ANT_1_06,0,0,1,1,1,55.42
anticipation,ANT_1_06,1,1,1,1,1,58.9
anticipation,ANT_1_06,2,2,1,1,1,59.04
anticipation,ANT_1_06,3,3,1,1,1,60.94
anticipation,ANT_1_06,4,4,1,1,1,63.2
anticipation,ANT_1_07,-4,-4,1,0,0,44.88
anticipation,ANT_1_07,-3,-3,1,0,0,47.23
anticipation,ANT_1_07,-2,-2,1,0,0,46.66
anticipation,ANT_1_07,-1,-1,1,0,0,51.94
anticipation,ANT_1_07,0,0,1,1,1,51.96
anticipation,ANT_1_07,1,1,1,1,1,56.09
anticipation,ANT_1_07,2,2,1,1,1,56.87
anticipation,ANT_1_07,3,3,1,1,1,61.28
anticipation,ANT_1_07,4,4,1,1,1,62.55
anticipation,ANT_1_08,-4,-4,1,0,0,48.19
anticipation,ANT_1_08,-3,-3,1,0,0,50.45
anticipation,ANT_1_08,-2,-2,1,0,0,51.31
anticipation,ANT_1_08,-1,-1,1,0,0,54.8
anticipation,ANT_1_08,0,0,1,1,1,54.04
anticipation,ANT_1_08,1,1,1,1,1,56.83
anticipation,ANT_1_08,2,2,1,1,1,58.39
anticipation,ANT_1_08,3,3,1,1,1,61.06
anticipation,ANT_1_08,4,4,1,1,1,63.07
anticipation,ANT_1_09,-4,-4,1,0,0,48.71
anticipation,ANT_1_09,-3,-3,1,0,0,49.31
anticipation,ANT_1_09,-2,-2,1,0,0,51.01
anticipation,ANT_1_09,-1,-1,1,0,0,54.56
anticipation,ANT_1_09,0,0,1,1,1,55.83
anticipation,ANT_1_09,1,1,1,1,1,59.36
anticipation,ANT_1_09,2,2,1,1,1,59.19
anticipation,ANT_1_09,3,3,1,1,1,60.93
anticipation,ANT_1_09,4,4,1,1,1,63.33
anticipation,ANT_1_10,-4,-4,1,0,0,45.72
anticipation,ANT_1_10,-3,-3,1,0,0,48.1
anticipation,ANT_1_10,-2,-2,1,0,0,49.01
anticipation,ANT_1_10,-1,-1,1,0,0,53.59
anticipation,ANT_1_10,0,0,1,1,1,54.14
anticipation,ANT_1_10,1,1,1,1,1,55.74
anticipation,ANT_1_10,2,2,1,1,1,58.48
anticipation,ANT_1_10,3,3,1,1,1,58.39
anticipation,ANT_1_10,4,4,1,1,1,60.77
anticipation,ANT_1_11,-4,-4,1,0,0,48.08
anticipation,ANT_1_11,-3,-3,1,0,0,49.81
anticipation,ANT_1_11,-2,-2,1,0,0,49.79
anticipation,ANT_1_11,-1,-1,1,0,0,54.07
anticipation,ANT_1_11,0,0,1,1,1,53.99
anticipation,ANT_1_11,1,1,1,1,1,57.0
anticipation,ANT_1_11,2,2,1,1,1,57.94
anticipation,ANT_1_11,3,3,1,1,1,61.19
anticipation,ANT_1_11,4,4,1,1,1,62.85
anticipation,ANT_1_12,-4,-4,1,0,0,47.71
anticipation,ANT_1_12,-3,-3,1,0,0,49.46
anticipation,ANT_1_12,-2,-2,1,0,0,50.4
anticipation,ANT_1_12,-1,-1,1,0,0,54.86
anticipation,ANT_1_12,0,0,1,1,1,55.39
anticipation,ANT_1_12,1,1,1,1,1,58.57
anticipation,ANT_1_12,2,2,1,1,1,59.44
anticipation,ANT_1_12,3,3,1,1,1,59.64
anticipation,ANT_1_12,4,4,1,1,1,64.32
anticipation,ANT_1_13,-4,-4,1,0,0,46.05
anticipation,ANT_1_13,-3,-3,1,0,0,48.45
anticipation,ANT_1_13,-2,-2,1,0,0,47.96
anticipation,ANT_1_13,-1,-1,1,0,0,54.29
anticipation,ANT_1_13,0,0,1,1,1,52.9
anticipation,ANT_1_13,1,1,1,1,1,57.61
anticipation,ANT_1_13,2,2,1,1,1,56.79
anticipation,ANT_1_13,3,3,1,1,1,59.75
anticipation,ANT_1_13,4,4,1,1,1,60.48
anticipation,ANT_1_14,-4,-4,1,0,0,48.34
anticipation,ANT_1_14,-3,-3,1,0,0,50.58
anticipation,ANT_1_14,-2,-2,1,0,0,50.04
anticipation,ANT_1_14,-1,-1,1,0,0,54.09
anticipation,ANT_1_14,0,0,1,1,1,56.69
anticipation,ANT_1_14,1,1,1,1,1,56.3
anticipation,ANT_1_14,2,2,1,1,1,62.22
anticipation,ANT_1_14,3,3,1,1,1,61.82
anticipation,ANT_1_14,4,4,1,1,1,62.94
anticipation,ANT_1_15,-4,-4,1,0,0,48.05
anticipation,ANT_1_15,-3,-3,1,0,0,48.72
anticipation,ANT_1_15,-2,-2,1,0,0,52.4
anticipation,ANT_1_15,-1,-1,1,0,0,55.95
anticipation,ANT_1_15,0,0,1,1,1,57.33
anticipation,ANT_1_15,1,1,1,1,1,57.67
anticipation,ANT_1_15,2,2,1,1,1,60.11
anticipation,ANT_1_15,3,3,1,1,1,63.58
anticipation,ANT_1_15,4,4,1,1,1,62.67
anticipation,ANT_1_16,-4,-4,1,0,0,48.22
anticipation,ANT_1_16,-3,-3,1,0,0,46.69
anticipation,ANT_1_16,-2,-2,1,0,0,48.7
anticipation,ANT_1_16,-1,-1,1,0,0,51.81
anticipation,ANT_1_16,0,0,1,1,1,54.4
anticipation,ANT_1_16,1,1,1,1,1,55.57
anticipation,ANT_1_16,2,2,1,1,1,57.27
anticipation,ANT_1_16,3,3,1,1,1,58.04
anticipation,ANT_1_16,4,4,1,1,1,61.54
anticipation,ANT_1_17,-4,-4,1,0,0,49.39
anticipation,ANT_1_17,-3,-3,1,0,0,51.34
anticipation,ANT_1_17,-2,-2,1,0,0,54.62
anticipation,ANT_1_17,-1,-1,1,0,0,56.15
anticipation,ANT_1_17,0,0,1,1,1,55.18
anticipation,ANT_1_17,1,1,1,1,1,57.5
anticipation,ANT_1_17,2,2,1,1,1,60.11
anticipation,ANT_1_17,3,3,1,1,1,63.51
anticipation,ANT_1_17,4,4,1,1,1,66.21
anticipation,ANT_1_18,-4,-4,1,0,0,49.41
anticipation,ANT_1_18,-3,-3,1,0,0,49.84
anticipation,ANT_1_18,-2,-2,1,0,0,53.69
anticipation,ANT_1_18,-1,-1,1,0,0,56.5
anticipation,ANT_1_18,0,0,1,1,1,57.84
anticipation,ANT_1_18,1,1,1,1,1,59.57
anticipation,ANT_1_18,2,2,1,1,1,62.19
anticipation,ANT_1_18,3,3,1,1,1,64.31
anticipation,ANT_1_18,4,4,1,1,1,63.4
spillover,SPI_0_01,-4,-4,0,0,0,47.62
spillover,SPI_0_01,-3,-3,0,0,0,48.96
spillover,SPI_0_01,-2,-2,0,0,0,50.18
spillover,SPI_0_01,-1,-1,0,0,0,53.2
spillover,SPI_0_01,0,0,0,1,0,56.91
spillover,SPI_0_01,1,1,0,1,0,57.77
spillover,SPI_0_01,2,2,0,1,0,57.09
spillover,SPI_0_01,3,3,0,1,0,56.99
spillover,SPI_0_01,4,4,0,1,0,61.37
spillover,SPI_0_02,-4,-4,0,0,0,47.37
spillover,SPI_0_02,-3,-3,0,0,0,48.26
spillover,SPI_0_02,-2,-2,0,0,0,49.23
spillover,SPI_0_02,-1,-1,0,0,0,51.91
spillover,SPI_0_02,0,0,0,1,0,52.7
spillover,SPI_0_02,1,1,0,1,0,55.23
spillover,SPI_0_02,2,2,0,1,0,56.03
spillover,SPI_0_02,3,3,0,1,0,58.72
spillover,SPI_0_02,4,4,0,1,0,58.35
spillover,SPI_0_03,-4,-4,0,0,0,46.09
spillover,SPI_0_03,-3,-3,0,0,0,48.06
spillover,SPI_0_03,-2,-2,0,0,0,45.46
spillover,SPI_0_03,-1,-1,0,0,0,49.47
spillover,SPI_0_03,0,0,0,1,0,51.98
spillover,SPI_0_03,1,1,0,1,0,53.17
spillover,SPI_0_03,2,2,0,1,0,55.63
spillover,SPI_0_03,3,3,0,1,0,53.68
spillover,SPI_0_03,4,4,0,1,0,56.45
spillover,SPI_0_04,-4,-4,0,0,0,43.5
spillover,SPI_0_04,-3,-3,0,0,0,44.09
spillover,SPI_0_04,-2,-2,0,0,0,46.23
spillover,SPI_0_04,-1,-1,0,0,0,46.73
spillover,SPI_0_04,0,0,0,1,0,50.27
spillover,SPI_0_04,1,1,0,1,0,52.29
spillover,SPI_0_04,2,2,0,1,0,53.12
spillover,SPI_0_04,3,3,0,1,0,55.24
spillover,SPI_0_04,4,4,0,1,0,54.74
spillover,SPI_0_05,-4,-4,0,0,0,43.42
spillover,SPI_0_05,-3,-3,0,0,0,42.23
spillover,SPI_0_05,-2,-2,0,0,0,46.23
spillover,SPI_0_05,-1,-1,0,0,0,48.27
spillover,SPI_0_05,0,0,0,1,0,49.32
spillover,SPI_0_05,1,1,0,1,0,52.26
spillover,SPI_0_05,2,2,0,1,0,51.5
spillover,SPI_0_05,3,3,0,1,0,54.74
spillover,SPI_0_05,4,4,0,1,0,55.72
spillover,SPI_0_06,-4,-4,0,0,0,44.89
spillover,SPI_0_06,-3,-3,0,0,0,45.74
spillover,SPI_0_06,-2,-2,0,0,0,49.13
spillover,SPI_0_06,-1,-1,0,0,0,48.17
spillover,SPI_0_06,0,0,0,1,0,52.11
spillover,SPI_0_06,1,1,0,1,0,53.48
spillover,SPI_0_06,2,2,0,1,0,53.58
spillover,SPI_0_06,3,3,0,1,0,55.78
spillover,SPI_0_06,4,4,0,1,0,56.79
spillover,SPI_0_07,-4,-4,0,0,0,44.5
spillover,SPI_0_07,-3,-3,0,0,0,48.71
spillover,SPI_0_07,-2,-2,0,0,0,49.19
spillover,SPI_0_07,-1,-1,0,0,0,49.69
spillover,SPI_0_07,0,0,0,1,0,50.83
spillover,SPI_0_07,1,1,0,1,0,54.33
spillover,SPI_0_07,2,2,0,1,0,54.22
spillover,SPI_0_07,3,3,0,1,0,57.57
spillover,SPI_0_07,4,4,0,1,0,58.39
spillover,SPI_0_08,-4,-4,0,0,0,43.94
spillover,SPI_0_08,-3,-3,0,0,0,42.88
spillover,SPI_0_08,-2,-2,0,0,0,46.17
spillover,SPI_0_08,-1,-1,0,0,0,48.91
spillover,SPI_0_08,0,0,0,1,0,51.14
spillover,SPI_0_08,1,1,0,1,0,50.68
spillover,SPI_0_08,2,2,0,1,0,54.93
spillover,SPI_0_08,3,3,0,1,0,51.85
spillover,SPI_0_08,4,4,0,1,0,54.71
spillover,SPI_0_09,-4,-4,0,0,0,47.91
spillover,SPI_0_09,-3,-3,0,0,0,49.34
spillover,SPI_0_09,-2,-2,0,0,0,50.1
spillover,SPI_0_09,-1,-1,0,0,0,51.04
spillover,SPI_0_09,0,0,0,1,0,53.51
spillover,SPI_0_09,1,1,0,1,0,56.38
spillover,SPI_0_09,2,2,0,1,0,56.57
spillover,SPI_0_09,3,3,0,1,0,58.94
spillover,SPI_0_09,4,4,0,1,0,59.45
spillover,SPI_0_10,-4,-4,0,0,0,43.29
spillover,SPI_0_10,-3,-3,0,0,0,41.89
spillover,SPI_0_10,-2,-2,0,0,0,45.31
spillover,SPI_0_10,-1,-1,0,0,0,48.44
spillover,SPI_0_10,0,0,0,1,0,50.48
spillover,SPI_0_10,1,1,0,1,0,49.83
spillover,SPI_0_10,2,2,0,1,0,54.28
spillover,SPI_0_10,3,3,0,1,0,55.08
spillover,SPI_0_10,4,4,0,1,0,55.26
spillover,SPI_0_11,-4,-4,0,0,0,44.27
spillover,SPI_0_11,-3,-3,0,0,0,45.92
spillover,SPI_0_11,-2,-2,0,0,0,46.87
spillover,SPI_0_11,-1,-1,0,0,0,46.57
spillover,SPI_0_11,0,0,0,1,0,51.55
spillover,SPI_0_11,1,1,0,1,0,53.19
spillover,SPI_0_11,2,2,0,1,0,53.34
spillover,SPI_0_11,3,3,0,1,0,55.91
spillover,SPI_0_11,4,4,0,1,0,56.62
spillover,SPI_0_12,-4,-4,0,0,0,44.45
spillover,SPI_0_12,-3,-3,0,0,0,46.4
spillover,SPI_0_12,-2,-2,0,0,0,48.03
spillover,SPI_0_12,-1,-1,0,0,0,48.92
spillover,SPI_0_12,0,0,0,1,0,52.63
spillover,SPI_0_12,1,1,0,1,0,54.15
spillover,SPI_0_12,2,2,0,1,0,55.42
spillover,SPI_0_12,3,3,0,1,0,57.28
spillover,SPI_0_12,4,4,0,1,0,56.87
spillover,SPI_0_13,-4,-4,0,0,0,44.46
spillover,SPI_0_13,-3,-3,0,0,0,47.21
spillover,SPI_0_13,-2,-2,0,0,0,46.72
spillover,SPI_0_13,-1,-1,0,0,0,47.9
spillover,SPI_0_13,0,0,0,1,0,50.09
spillover,SPI_0_13,1,1,0,1,0,53.97
spillover,SPI_0_13,2,2,0,1,0,53.12
spillover,SPI_0_13,3,3,0,1,0,56.51
spillover,SPI_0_13,4,4,0,1,0,58.26
spillover,SPI_0_14,-4,-4,0,0,0,44.54
spillover,SPI_0_14,-3,-3,0,0,0,46.47
spillover,SPI_0_14,-2,-2,0,0,0,46.55
spillover,SPI_0_14,-1,-1,0,0,0,49.63
spillover,SPI_0_14,0,0,0,1,0,51.29
spillover,SPI_0_14,1,1,0,1,0,52.38
spillover,SPI_0_14,2,2,0,1,0,52.61
spillover,SPI_0_14,3,3,0,1,0,56.76
spillover,SPI_0_14,4,4,0,1,0,57.09
spillover,SPI_0_15,-4,-4,0,0,0,45.18
spillover,SPI_0_15,-3,-3,0,0,0,47.46
spillover,SPI_0_15,-2,-2,0,0,0,47.71
spillover,SPI_0_15,-1,-1,0,0,0,50.39
spillover,SPI_0_15,0,0,0,1,0,52.59
spillover,SPI_0_15,1,1,0,1,0,55.1
spillover,SPI_0_15,2,2,0,1,0,55.85
spillover,SPI_0_15,3,3,0,1,0,57.16
spillover,SPI_0_15,4,4,0,1,0,57.98
spillover,SPI_0_16,-4,-4,0,0,0,42.41
spillover,SPI_0_16,-3,-3,0,0,0,44.8
spillover,SPI_0_16,-2,-2,0,0,0,44.06
spillover,SPI_0_16,-1,-1,0,0,0,48.0
spillover,SPI_0_16,0,0,0,1,0,50.03
spillover,SPI_0_16,1,1,0,1,0,52.33
spillover,SPI_0_16,2,2,0,1,0,51.11
spillover,SPI_0_16,3,3,0,1,0,53.78
spillover,SPI_0_16,4,4,0,1,0,56.71
spillover,SPI_0_17,-4,-4,0,0,0,38.14
spillover,SPI_0_17,-3,-3,0,0,0,38.84
spillover,SPI_0_17,-2,-2,0,0,0,40.27
spillover,SPI_0_17,-1,-1,0,0,0,40.47
spillover,SPI_0_17,0,0,0,1,0,46.91
spillover,SPI_0_17,1,1,0,1,0,47.56
spillover,SPI_0_17,2,2,0,1,0,49.21
spillover,SPI_0_17,3,3,0,1,0,50.68
spillover,SPI_0_17,4,4,0,1,0,53.33
spillover,SPI_0_18,-4,-4,0,0,0,41.98
spillover,SPI_0_18,-3,-3,0,0,0,45.28
spillover,SPI_0_18,-2,-2,0,0,0,47.83
spillover,SPI_0_18,-1,-1,0,0,0,48.63
spillover,SPI_0_18,0,0,0,1,0,52.49
spillover,SPI_0_18,1,1,0,1,0,53.2
spillover,SPI_0_18,2,2,0,1,0,55.16
spillover,SPI_0_18,3,3,0,1,0,55.51
spillover,SPI_0_18,4,4,0,1,0,59.66
spillover,SPI_1_01,-4,-4,1,0,0,47.91
spillover,SPI_1_01,-3,-3,1,0,0,49.02
spillover,SPI_1_01,-2,-2,1,0,0,51.1
spillover,SPI_1_01,-1,-1,1,0,0,50.78
spillover,SPI_1_01,0,0,1,1,1,57.41
spillover,SPI_1_01,1,1,1,1,1,56.81
spillover,SPI_1_01,2,2,1,1,1,59.54
spillover,SPI_1_01,3,3,1,1,1,60.23
spillover,SPI_1_01,4,4,1,1,1,59.99
spillover,SPI_1_02,-4,-4,1,0,0,46.55
spillover,SPI_1_02,-3,-3,1,0,0,47.8
spillover,SPI_1_02,-2,-2,1,0,0,49.53
spillover,SPI_1_02,-1,-1,1,0,0,51.07
spillover,SPI_1_02,0,0,1,1,1,54.9
spillover,SPI_1_02,1,1,1,1,1,57.13
spillover,SPI_1_02,2,2,1,1,1,57.84
spillover,SPI_1_02,3,3,1,1,1,59.88
spillover,SPI_1_02,4,4,1,1,1,61.25
spillover,SPI_1_03,-4,-4,1,0,0,51.13
spillover,SPI_1_03,-3,-3,1,0,0,50.56
spillover,SPI_1_03,-2,-2,1,0,0,52.09
spillover,SPI_1_03,-1,-1,1,0,0,52.45
spillover,SPI_1_03,0,0,1,1,1,57.3
spillover,SPI_1_03,1,1,1,1,1,60.14
spillover,SPI_1_03,2,2,1,1,1,62.5
spillover,SPI_1_03,3,3,1,1,1,64.09
spillover,SPI_1_03,4,4,1,1,1,63.92
spillover,SPI_1_04,-4,-4,1,0,0,43.94
spillover,SPI_1_04,-3,-3,1,0,0,47.04
spillover,SPI_1_04,-2,-2,1,0,0,47.51
spillover,SPI_1_04,-1,-1,1,0,0,49.18
spillover,SPI_1_04,0,0,1,1,1,54.62
spillover,SPI_1_04,1,1,1,1,1,55.41
spillover,SPI_1_04,2,2,1,1,1,56.48
spillover,SPI_1_04,3,3,1,1,1,57.9
spillover,SPI_1_04,4,4,1,1,1,59.56
spillover,SPI_1_05,-4,-4,1,0,0,50.47
spillover,SPI_1_05,-3,-3,1,0,0,52.63
spillover,SPI_1_05,-2,-2,1,0,0,51.92
spillover,SPI_1_05,-1,-1,1,0,0,53.7
spillover,SPI_1_05,0,0,1,1,1,59.77
spillover,SPI_1_05,1,1,1,1,1,58.87
spillover,SPI_1_05,2,2,1,1,1,60.62
spillover,SPI_1_05,3,3,1,1,1,61.54
spillover,SPI_1_05,4,4,1,1,1,65.19
spillover,SPI_1_06,-4,-4,1,0,0,48.15
spillover,SPI_1_06,-3,-3,1,0,0,49.11
spillover,SPI_1_06,-2,-2,1,0,0,51.83
spillover,SPI_1_06,-1,-1,1,0,0,52.64
spillover,SPI_1_06,0,0,1,1,1,55.61
spillover,SPI_1_06,1,1,1,1,1,60.25
spillover,SPI_1_06,2,2,1,1,1,58.59
spillover,SPI_1_06,3,3,1,1,1,61.33
spillover,SPI_1_06,4,4,1,1,1,60.77
spillover,SPI_1_07,-4,-4,1,0,0,43.89
spillover,SPI_1_07,-3,-3,1,0,0,43.39
spillover,SPI_1_07,-2,-2,1,0,0,46.47
spillover,SPI_1_07,-1,-1,1,0,0,48.23
spillover,SPI_1_07,0,0,1,1,1,53.31
spillover,SPI_1_07,1,1,1,1,1,53.64
spillover,SPI_1_07,2,2,1,1,1,54.62
spillover,SPI_1_07,3,3,1,1,1,54.89
spillover,SPI_1_07,4,4,1,1,1,57.17
spillover,SPI_1_08,-4,-4,1,0,0,46.69
spillover,SPI_1_08,-3,-3,1,0,0,46.81
spillover,SPI_1_08,-2,-2,1,0,0,48.97
spillover,SPI_1_08,-1,-1,1,0,0,49.16
spillover,SPI_1_08,0,0,1,1,1,56.53
spillover,SPI_1_08,1,1,1,1,1,55.81
spillover,SPI_1_08,2,2,1,1,1,55.11
spillover,SPI_1_08,3,3,1,1,1,59.55
spillover,SPI_1_08,4,4,1,1,1,63.25
spillover,SPI_1_09,-4,-4,1,0,0,49.47
spillover,SPI_1_09,-3,-3,1,0,0,51.73
spillover,SPI_1_09,-2,-2,1,0,0,51.49
spillover,SPI_1_09,-1,-1,1,0,0,55.25
spillover,SPI_1_09,0,0,1,1,1,59.38
spillover,SPI_1_09,1,1,1,1,1,59.43
spillover,SPI_1_09,2,2,1,1,1,61.0
spillover,SPI_1_09,3,3,1,1,1,60.8
spillover,SPI_1_09,4,4,1,1,1,61.76
spillover,SPI_1_10,-4,-4,1,0,0,46.22
spillover,SPI_1_10,-3,-3,1,0,0,45.89
spillover,SPI_1_10,-2,-2,1,0,0,48.02
spillover,SPI_1_10,-1,-1,1,0,0,47.93
spillover,SPI_1_10,0,0,1,1,1,54.71
spillover,SPI_1_10,1,1,1,1,1,54.68
spillover,SPI_1_10,2,2,1,1,1,57.28
spillover,SPI_1_10,3,3,1,1,1,58.69
spillover,SPI_1_10,4,4,1,1,1,59.89
spillover,SPI_1_11,-4,-4,1,0,0,46.15
spillover,SPI_1_11,-3,-3,1,0,0,48.06
spillover,SPI_1_11,-2,-2,1,0,0,50.28
spillover,SPI_1_11,-1,-1,1,0,0,48.29
spillover,SPI_1_11,0,0,1,1,1,53.96
spillover,SPI_1_11,1,1,1,1,1,57.19
spillover,SPI_1_11,2,2,1,1,1,58.69
spillover,SPI_1_11,3,3,1,1,1,58.08
spillover,SPI_1_11,4,4,1,1,1,61.82
spillover,SPI_1_12,-4,-4,1,0,0,48.39
spillover,SPI_1_12,-3,-3,1,0,0,49.19
spillover,SPI_1_12,-2,-2,1,0,0,50.76
spillover,SPI_1_12,-1,-1,1,0,0,52.27
spillover,SPI_1_12,0,0,1,1,1,56.62
spillover,SPI_1_12,1,1,1,1,1,56.99
spillover,SPI_1_12,2,2,1,1,1,57.89
spillover,SPI_1_12,3,3,1,1,1,60.98
spillover,SPI_1_12,4,4,1,1,1,62.85
spillover,SPI_1_13,-4,-4,1,0,0,50.16
spillover,SPI_1_13,-3,-3,1,0,0,49.56
spillover,SPI_1_13,-2,-2,1,0,0,50.14
spillover,SPI_1_13,-1,-1,1,0,0,52.37
spillover,SPI_1_13,0,0,1,1,1,56.89
spillover,SPI_1_13,1,1,1,1,1,58.47
spillover,SPI_1_13,2,2,1,1,1,59.87
spillover,SPI_1_13,3,3,1,1,1,59.8
spillover,SPI_1_13,4,4,1,1,1,61.21
spillover,SPI_1_14,-4,-4,1,0,0,49.23
spillover,SPI_1_14,-3,-3,1,0,0,49.8
spillover,SPI_1_14,-2,-2,1,0,0,52.17
spillover,SPI_1_14,-1,-1,1,0,0,51.69
spillover,SPI_1_14,0,0,1,1,1,57.36
spillover,SPI_1_14,1,1,1,1,1,57.09
spillover,SPI_1_14,2,2,1,1,1,62.14
spillover,SPI_1_14,3,3,1,1,1,60.51
spillover,SPI_1_14,4,4,1,1,1,62.95
spillover,SPI_1_15,-4,-4,1,0,0,46.04
spillover,SPI_1_15,-3,-3,1,0,0,46.65
spillover,SPI_1_15,-2,-2,1,0,0,49.8
spillover,SPI_1_15,-1,-1,1,0,0,50.75
spillover,SPI_1_15,0,0,1,1,1,56.01
spillover,SPI_1_15,1,1,1,1,1,56.04
spillover,SPI_1_15,2,2,1,1,1,59.51
spillover,SPI_1_15,3,3,1,1,1,61.76
spillover,SPI_1_15,4,4,1,1,1,60.95
spillover,SPI_1_16,-4,-4,1,0,0,47.24
spillover,SPI_1_16,-3,-3,1,0,0,47.2
spillover,SPI_1_16,-2,-2,1,0,0,49.67
spillover,SPI_1_16,-1,-1,1,0,0,50.88
spillover,SPI_1_16,0,0,1,1,1,57.39
spillover,SPI_1_16,1,1,1,1,1,56.71
spillover,SPI_1_16,2,2,1,1,1,59.17
spillover,SPI_1_16,3,3,1,1,1,60.22
spillover,SPI_1_16,4,4,1,1,1,62.27
spillover,SPI_1_17,-4,-4,1,0,0,46.04
spillover,SPI_1_17,-3,-3,1,0,0,47.23
spillover,SPI_1_17,-2,-2,1,0,0,46.96
spillover,SPI_1_17,-1,-1,1,0,0,48.89
spillover,SPI_1_17,0,0,1,1,1,52.8
spillover,SPI_1_17,1,1,1,1,1,53.46
spillover,SPI_1_17,2,2,1,1,1,56.16
spillover,SPI_1_17,3,3,1,1,1,56.6
spillover,SPI_1_17,4,4,1,1,1,60.7
spillover,SPI_1_18,-4,-4,1,0,0,49.5
spillover,SPI_1_18,-3,-3,1,0,0,52.41
spillover,SPI_1_18,-2,-2,1,0,0,53.27
spillover,SPI_1_18,-1,-1,1,0,0,53.84
spillover,SPI_1_18,0,0,1,1,1,59.86
spillover,SPI_1_18,1,1,1,1,1,61.02
spillover,SPI_1_18,2,2,1,1,1,61.67
spillover,SPI_1_18,3,3,1,1,1,63.73
spillover,SPI_1_18,4,4,1,1,1,65.77
