id,x1,x2,x3,continuous_outcome,binary_outcome
1,0.105,-0.18,1.339,15.695,0
2,-0.653,0.351,0.281,16.036,1
3,0.829,-0.727,0.867,23.157,1
4,1.892,1.649,0.845,23.239,0
5,0.294,1.481,0.083,14.415,0
6,-0.796,0.187,-0.072,15.865,1
7,1.07,0.734,0.303,19.254,1
8,1.209,0.891,0.426,22.036,0
9,-0.853,0.101,1.091,13.789,0
10,-1.309,-0.845,1.344,16.528,0
11,1.333,0.345,-1.637,27.308,1
12,-1.628,-1.218,-1.274,14.863,1
13,-1.121,-0.827,-1.28,17.861,0
14,-0.105,-0.194,1.497,15.99,0
15,-0.336,0.435,-0.853,19.754,0
16,-0.035,-0.32,0.915,22.364,1
17,0.549,1.695,-0.529,16.743,0
18,-0.553,-0.089,2.319,18.429,1
19,-0.369,-1.884,0.704,23.634,0
20,-0.171,-0.527,1.698,19.31,0
21,1.503,-0.047,-1.928,25.614,1
22,-1.637,-1.994,0.461,17.191,0
23,0.427,0.648,-0.73,19.146,0
24,-0.327,-0.515,0.276,16.822,1
25,-1.583,-1.25,-0.268,19.711,0
26,1.07,0.24,1.647,24.224,0
27,-0.009,0.147,-0.931,19.112,1
28,0.365,2.256,-0.574,17.201,1
29,-0.62,-0.828,0.356,23.223,0
30,0.736,1.376,1.06,20.456,0
31,0.088,0.91,-1.207,14.277,0
32,-0.98,-0.958,-1.121,17.689,1
33,0.511,0.695,-0.306,20.145,1
34,-1.443,0.9,0.387,11.376,0
35,0.204,0.388,2.109,23.562,0
36,1.167,-0.328,-1.15,21.917,1
37,0.13,-0.388,-1.498,17.643,1
38,-0.611,-0.061,0.294,16.805,1
39,-2.191,-0.94,-0.163,12.649,0
40,-0.138,-0.685,-0.265,21.434,1
41,0.548,0.33,0.015,21.468,0
42,-0.252,-0.964,-3.245,23.153,1
43,1.405,0.554,0.228,22.348,1
44,2.867,1.609,-1.064,29.683,1
45,-3.043,-1.374,0.626,17.275,0
46,3.014,1.615,0.459,28.685,1
47,-0.926,0.065,1.146,14.057,0
48,0.166,-0.665,0.847,19.672,0
49,-1.41,-0.093,0.56,14.029,0
50,-0.178,0.387,0.315,14.111,0
51,-1.031,0.48,-0.574,17.712,1
52,0.463,-0.07,0.983,17.265,0
53,-0.034,0.734,0.098,18.756,0
54,1.211,0.987,-0.531,21.955,1
55,-1.864,-1.124,0.409,12.347,0
56,1.103,0.893,-0.13,19.755,1
57,-0.41,-0.291,-1.872,19.586,0
58,-0.538,0.947,-1.088,14.348,1
59,-1.567,-0.976,-0.004,16.244,1
60,-0.364,-0.447,0.426,21.061,0
61,0.624,0.569,-0.49,22.03,1
62,-0.156,0.067,0.118,19.134,0
63,0.153,-0.742,1.595,23.988,1
64,-0.202,0.996,-0.453,17.301,1
65,0.612,0.676,-0.511,26.803,1
66,0.286,-0.189,-0.269,23.389,1
67,1.166,1.514,0.351,22.759,1
68,1.185,1.279,0.988,21.161,0
69,-0.226,-0.823,0.732,19.261,0
70,-1.245,-0.644,0.154,16.73,0
71,0.679,1.232,2.05,22.016,0
72,-0.685,-0.61,0.585,16.826,0
73,-0.833,-0.018,-1.042,15.925,1
74,-0.773,-1.769,0.208,20.848,1
75,-0.106,1.268,0.176,17.467,1
76,0.138,-0.68,-0.589,19.235,0
77,-0.442,1.164,1.624,18.574,1
78,-1.203,-0.623,1.445,15.769,0
79,0.204,-0.598,-1.597,23.976,1
80,0.565,-0.361,-0.461,19.189,0
81,-1.145,-0.783,-0.62,18.926,1
82,0.049,0.661,-0.428,18.838,0
83,-0.297,-0.728,-0.944,20.154,0
84,-0.236,1.214,-1.55,13.684,1
85,1.51,2.94,-2.554,19.985,1
86,1.221,1.685,1.139,18.276,1
87,0.36,-1.416,-1.532,24.166,1
88,1.629,0.288,-0.388,25.026,1
89,-0.396,0.195,0.011,19.373,0
90,0.58,0.181,0.066,21.47,1
91,0.794,0.899,0.126,19.968,1
92,-0.185,-0.552,1.237,19.656,0
93,-1.286,-1.99,-0.843,20.262,0
94,1.128,-0.69,1.126,26.356,1
95,-1.312,-0.996,0.2,20.133,0
96,-0.343,-0.169,-1.258,19.088,0
97,-0.634,-0.378,0.834,18.232,0
98,1.421,1.028,-1.403,22.35,1
99,-0.701,0.331,-0.115,13.439,0
100,1.61,2.085,-0.419,24.374,1
101,1.242,1.839,-0.97,22.341,1
102,0.959,-0.26,0.271,22.387,0
103,0.732,1.962,0.611,22.298,1
104,-1.194,-1.043,0.529,19.367,0
105,0.58,1.628,0.811,21.588,1
106,1.201,-0.494,0.352,28.192,0
107,-0.627,-0.206,0.904,22.959,0
108,0.837,-0.748,-0.562,23.444,1
109,0.423,-0.577,0.928,24.143,1
110,0.273,0.299,-0.361,23.68,1
111,2.517,0.69,1.79,28.191,1
112,1.22,0.596,0.313,22.472,0
113,-0.847,-0.58,-0.073,17.447,0
114,-1.7,-0.233,1.081,13.873,0
115,-0.738,-0.523,1.497,17.733,0
116,-0.349,-0.584,-0.948,18.473,1
117,-0.403,0.396,0.692,16.247,1
118,0.242,-1.839,1.514,27.058,0
119,1.124,1.72,1.117,23.95,1
120,-0.897,0.08,0.41,19.361,0
121,-0.588,-1.805,-0.764,23.136,0
122,0.561,0.061,0.772,17.67,0
123,2.128,0.706,-1.414,26.795,1
124,-0.639,-0.063,-0.286,20.496,1
125,-0.771,-1.204,-1.028,19.231,1
126,0.302,0.171,0.823,17.945,1
127,-1.042,0.339,-2.47,19.269,1
128,-0.18,-1.204,-0.675,19.599,1
129,-0.316,-0.251,1.958,19.023,0
130,1.255,0.659,0.556,26.447,0
131,0.61,0.38,1.371,22.894,0
132,-0.537,1.796,0.247,17.683,0
133,-0.518,-0.454,-0.61,20.671,1
134,-0.459,1.606,1.032,13.995,1
135,-0.573,-0.779,-1.987,20.754,1
136,-1.29,0.36,0.177,18.568,0
137,0.847,0.83,-0.531,21.724,1
138,1.472,-0.276,-1.147,28.256,1
139,-3.075,-1.255,-0.047,7.902,0
140,-0.814,-0.545,-0.769,19.99,1
141,-0.393,-0.301,-0.185,20.545,0
142,-2.147,-2.178,1.599,18.759,1
143,-0.264,-0.919,-1.659,21.792,1
144,-0.704,2.377,-0.951,10.858,0
145,0.573,-0.018,1.364,20.404,0
146,-0.845,0.574,-0.728,12.736,0
147,2.598,3.34,1.509,22.987,1
148,-0.45,-0.345,-0.825,19.708,1
149,0.408,1.609,0.369,20.148,0
150,-0.247,-1.465,-1.36,20.236,1
151,0.56,-0.879,-1.206,20.957,1
152,-0.057,-1.053,1.47,22.055,1
153,1.42,1.453,-0.724,21.33,1
154,-0.813,0.187,-1.576,16.415,0
155,1.605,-0.774,-0.983,27.301,1
156,0.916,-0.165,0.749,24.021,0
157,0.977,0.862,0.45,19.787,0
158,0.706,1.244,-0.436,19.737,1
159,-0.192,-0.182,0.959,16.367,1
160,-0.876,0.899,0.195,15.502,0
161,0.219,-0.104,-1.912,19.52,1
162,-1.209,-0.817,-0.738,19.54,0
163,-0.018,-0.026,1.231,19.198,1
164,1.58,0.923,-1.26,20.392,0
165,-0.314,-0.18,0.572,19.685,1
166,-0.691,1.072,0.174,16.875,1
167,2.692,1.534,-0.738,22.628,1
168,-0.353,1.176,0.056,12.558,0
169,1.015,0.108,-0.181,21.26,1
170,1.41,1.102,-0.324,23.972,1
171,-0.303,-1.582,0.515,24.407,0
172,0.905,0.535,-0.7,25.231,0
173,0.61,0.819,0.361,23.153,0
174,0.037,-1.192,-0.642,24.31,0
175,-0.12,-1.044,0.414,20.93,0
176,-1.546,-1.538,1.589,17.644,0
177,1.2,-0.927,0.059,25.713,1
178,-0.489,0.069,0.814,14.54,0
179,-0.867,0.187,-0.116,13.255,0
180,-1.783,-1.335,0.095,14.717,0
